-- ============================================================
-- WordRem — Multi-Language Course Seed
-- Adds FR, DE, ES, IT, RU, ZH courses (native=TR)
-- Run once in your Supabase SQL Editor
-- ============================================================

-- ── STEP 1: Ensure all language rows exist ─────────────────
INSERT INTO languages (code, name, native_name, flag_emoji, is_active)
SELECT v.code, v.name, v.native_name, v.flag_emoji, v.is_active
FROM (VALUES
  ('TR'::varchar, 'Turkish',    'Türkçe',   '🇹🇷', true::boolean),
  ('EN'::varchar, 'English',   'English',   '🇬🇧', true::boolean),
  ('FR'::varchar, 'French',    'Français',  '🇫🇷', true::boolean),
  ('DE'::varchar, 'German',    'Deutsch',   '🇩🇪', true::boolean),
  ('ES'::varchar, 'Spanish',   'Español',   '🇪🇸', true::boolean),
  ('IT'::varchar, 'Italian',   'Italiano',  '🇮🇹', true::boolean),
  ('RU'::varchar, 'Russian',   'Русский',   '🇷🇺', true::boolean),
  ('ZH'::varchar, 'Chinese',   '中文',      '🇨🇳', true::boolean)
) AS v(code, name, native_name, flag_emoji, is_active)
WHERE NOT EXISTS (
  SELECT 1 FROM languages l WHERE UPPER(l.code) = UPPER(v.code)
);

-- ── STEP 2: Courses + Levels + Words ──────────────────────
DO $$
DECLARE
  tr_id INT; fr_id INT; de_id INT;
  es_id INT; it_id INT; ru_id INT; zh_id INT;
BEGIN
  SELECT id INTO tr_id FROM languages WHERE UPPER(code) = 'TR' LIMIT 1;
  SELECT id INTO fr_id FROM languages WHERE UPPER(code) = 'FR' LIMIT 1;
  SELECT id INTO de_id FROM languages WHERE UPPER(code) = 'DE' LIMIT 1;
  SELECT id INTO es_id FROM languages WHERE UPPER(code) = 'ES' LIMIT 1;
  SELECT id INTO it_id FROM languages WHERE UPPER(code) = 'IT' LIMIT 1;
  SELECT id INTO ru_id FROM languages WHERE UPPER(code) = 'RU' LIMIT 1;
  SELECT id INTO zh_id FROM languages WHERE UPPER(code) = 'ZH' LIMIT 1;

  -- ══════════════════════════════════════════════════════════
  -- 🇫🇷 FRENCH COURSE (10 levels × 10 words)
  -- ══════════════════════════════════════════════════════════
  INSERT INTO courses (id, native_lang_id, target_lang_id, title, description, total_xp, is_active)
  VALUES ('f0000001-0000-0000-0000-000000000001', tr_id, fr_id,
          'Fransızca Temelleri', 'Fransızcayı sıfırdan öğren', 1000, true)
  ON CONFLICT (id) DO NOTHING;

  INSERT INTO levels (id, course_id, order_index, title, description, xp_reward, required_score, is_checkpoint) VALUES
    ('f0000001-0000-0000-0001-000000000001','f0000001-0000-0000-0000-000000000001',1,'Selamlaşma','Temel selamlama ifadeleri',50,60,false),
    ('f0000001-0000-0000-0001-000000000002','f0000001-0000-0000-0000-000000000001',2,'Sayılar','1-10 arası sayılar',50,60,false),
    ('f0000001-0000-0000-0001-000000000003','f0000001-0000-0000-0000-000000000001',3,'Renkler','Temel renkler',60,60,false),
    ('f0000001-0000-0000-0001-000000000004','f0000001-0000-0000-0000-000000000001',4,'Aile','Aile üyeleri',60,60,true),
    ('f0000001-0000-0000-0001-000000000005','f0000001-0000-0000-0000-000000000001',5,'Yiyecekler','Temel yiyecekler ve içecekler',70,65,false),
    ('f0000001-0000-0000-0001-000000000006','f0000001-0000-0000-0000-000000000001',6,'Hayvanlar','Yaygın hayvanlar',70,65,false),
    ('f0000001-0000-0000-0001-000000000007','f0000001-0000-0000-0000-000000000001',7,'Günler ve Zaman','Haftanın günleri ve zaman',80,65,true),
    ('f0000001-0000-0000-0001-000000000008','f0000001-0000-0000-0000-000000000001',8,'Vücut','Vücut bölümleri',80,70,false),
    ('f0000001-0000-0000-0001-000000000009','f0000001-0000-0000-0000-000000000001',9,'Seyahat','Seyahat kelimeleri',90,70,false),
    ('f0000001-0000-0000-0001-00000000000a','f0000001-0000-0000-0000-000000000001',10,'Fiiller','Temel eylemler',100,75,true)
  ON CONFLICT (id) DO NOTHING;

  -- FR Level 1: Greetings
  INSERT INTO words (id, source_lang_id, target_lang_id, term, translation, difficulty) VALUES
    ('f0000001-0001-0001-0000-000000000001',tr_id,fr_id,'bonjour','merhaba',1),
    ('f0000001-0001-0001-0000-000000000002',tr_id,fr_id,'merci','teşekkürler',1),
    ('f0000001-0001-0001-0000-000000000003',tr_id,fr_id,'s''il vous plaît','lütfen',1),
    ('f0000001-0001-0001-0000-000000000004',tr_id,fr_id,'oui','evet',1),
    ('f0000001-0001-0001-0000-000000000005',tr_id,fr_id,'non','hayır',1),
    ('f0000001-0001-0001-0000-000000000006',tr_id,fr_id,'bonsoir','iyi akşamlar',1),
    ('f0000001-0001-0001-0000-000000000007',tr_id,fr_id,'au revoir','hoşçakal',1),
    ('f0000001-0001-0001-0000-000000000008',tr_id,fr_id,'excusez-moi','affedersiniz',1),
    ('f0000001-0001-0001-0000-000000000009',tr_id,fr_id,'je m''appelle','benim adım',1),
    ('f0000001-0001-0001-0000-00000000000a',tr_id,fr_id,'comment allez-vous','nasılsınız',1)
  ON CONFLICT (id) DO NOTHING;
  INSERT INTO word_level_assignments (word_id, level_id, display_order) VALUES
    ('f0000001-0001-0001-0000-000000000001','f0000001-0000-0000-0001-000000000001',1),
    ('f0000001-0001-0001-0000-000000000002','f0000001-0000-0000-0001-000000000001',2),
    ('f0000001-0001-0001-0000-000000000003','f0000001-0000-0000-0001-000000000001',3),
    ('f0000001-0001-0001-0000-000000000004','f0000001-0000-0000-0001-000000000001',4),
    ('f0000001-0001-0001-0000-000000000005','f0000001-0000-0000-0001-000000000001',5),
    ('f0000001-0001-0001-0000-000000000006','f0000001-0000-0000-0001-000000000001',6),
    ('f0000001-0001-0001-0000-000000000007','f0000001-0000-0000-0001-000000000001',7),
    ('f0000001-0001-0001-0000-000000000008','f0000001-0000-0000-0001-000000000001',8),
    ('f0000001-0001-0001-0000-000000000009','f0000001-0000-0000-0001-000000000001',9),
    ('f0000001-0001-0001-0000-00000000000a','f0000001-0000-0000-0001-000000000001',10)
  ON CONFLICT DO NOTHING;

  -- FR Level 2: Numbers
  INSERT INTO words (id, source_lang_id, target_lang_id, term, translation, difficulty) VALUES
    ('f0000001-0002-0001-0000-000000000001',tr_id,fr_id,'un','bir',1),
    ('f0000001-0002-0001-0000-000000000002',tr_id,fr_id,'deux','iki',1),
    ('f0000001-0002-0001-0000-000000000003',tr_id,fr_id,'trois','üç',1),
    ('f0000001-0002-0001-0000-000000000004',tr_id,fr_id,'quatre','dört',1),
    ('f0000001-0002-0001-0000-000000000005',tr_id,fr_id,'cinq','beş',1),
    ('f0000001-0002-0001-0000-000000000006',tr_id,fr_id,'six','altı',1),
    ('f0000001-0002-0001-0000-000000000007',tr_id,fr_id,'sept','yedi',1),
    ('f0000001-0002-0001-0000-000000000008',tr_id,fr_id,'huit','sekiz',1),
    ('f0000001-0002-0001-0000-000000000009',tr_id,fr_id,'neuf','dokuz',1),
    ('f0000001-0002-0001-0000-00000000000a',tr_id,fr_id,'dix','on',1)
  ON CONFLICT (id) DO NOTHING;
  INSERT INTO word_level_assignments (word_id, level_id, display_order) VALUES
    ('f0000001-0002-0001-0000-000000000001','f0000001-0000-0000-0001-000000000002',1),
    ('f0000001-0002-0001-0000-000000000002','f0000001-0000-0000-0001-000000000002',2),
    ('f0000001-0002-0001-0000-000000000003','f0000001-0000-0000-0001-000000000002',3),
    ('f0000001-0002-0001-0000-000000000004','f0000001-0000-0000-0001-000000000002',4),
    ('f0000001-0002-0001-0000-000000000005','f0000001-0000-0000-0001-000000000002',5),
    ('f0000001-0002-0001-0000-000000000006','f0000001-0000-0000-0001-000000000002',6),
    ('f0000001-0002-0001-0000-000000000007','f0000001-0000-0000-0001-000000000002',7),
    ('f0000001-0002-0001-0000-000000000008','f0000001-0000-0000-0001-000000000002',8),
    ('f0000001-0002-0001-0000-000000000009','f0000001-0000-0000-0001-000000000002',9),
    ('f0000001-0002-0001-0000-00000000000a','f0000001-0000-0000-0001-000000000002',10)
  ON CONFLICT DO NOTHING;

  -- FR Level 3: Colors
  INSERT INTO words (id, source_lang_id, target_lang_id, term, translation, difficulty) VALUES
    ('f0000001-0003-0001-0000-000000000001',tr_id,fr_id,'rouge','kırmızı',1),
    ('f0000001-0003-0001-0000-000000000002',tr_id,fr_id,'bleu','mavi',1),
    ('f0000001-0003-0001-0000-000000000003',tr_id,fr_id,'vert','yeşil',1),
    ('f0000001-0003-0001-0000-000000000004',tr_id,fr_id,'jaune','sarı',1),
    ('f0000001-0003-0001-0000-000000000005',tr_id,fr_id,'blanc','beyaz',1),
    ('f0000001-0003-0001-0000-000000000006',tr_id,fr_id,'noir','siyah',1),
    ('f0000001-0003-0001-0000-000000000007',tr_id,fr_id,'orange','turuncu',1),
    ('f0000001-0003-0001-0000-000000000008',tr_id,fr_id,'rose','pembe',1),
    ('f0000001-0003-0001-0000-000000000009',tr_id,fr_id,'gris','gri',1),
    ('f0000001-0003-0001-0000-00000000000a',tr_id,fr_id,'violet','mor',1)
  ON CONFLICT (id) DO NOTHING;
  INSERT INTO word_level_assignments (word_id, level_id, display_order) VALUES
    ('f0000001-0003-0001-0000-000000000001','f0000001-0000-0000-0001-000000000003',1),
    ('f0000001-0003-0001-0000-000000000002','f0000001-0000-0000-0001-000000000003',2),
    ('f0000001-0003-0001-0000-000000000003','f0000001-0000-0000-0001-000000000003',3),
    ('f0000001-0003-0001-0000-000000000004','f0000001-0000-0000-0001-000000000003',4),
    ('f0000001-0003-0001-0000-000000000005','f0000001-0000-0000-0001-000000000003',5),
    ('f0000001-0003-0001-0000-000000000006','f0000001-0000-0000-0001-000000000003',6),
    ('f0000001-0003-0001-0000-000000000007','f0000001-0000-0000-0001-000000000003',7),
    ('f0000001-0003-0001-0000-000000000008','f0000001-0000-0000-0001-000000000003',8),
    ('f0000001-0003-0001-0000-000000000009','f0000001-0000-0000-0001-000000000003',9),
    ('f0000001-0003-0001-0000-00000000000a','f0000001-0000-0000-0001-000000000003',10)
  ON CONFLICT DO NOTHING;

  -- FR Level 4: Family
  INSERT INTO words (id, source_lang_id, target_lang_id, term, translation, difficulty) VALUES
    ('f0000001-0004-0001-0000-000000000001',tr_id,fr_id,'père','baba',2),
    ('f0000001-0004-0001-0000-000000000002',tr_id,fr_id,'mère','anne',2),
    ('f0000001-0004-0001-0000-000000000003',tr_id,fr_id,'frère','erkek kardeş',2),
    ('f0000001-0004-0001-0000-000000000004',tr_id,fr_id,'sœur','kız kardeş',2),
    ('f0000001-0004-0001-0000-000000000005',tr_id,fr_id,'fils','oğul',2),
    ('f0000001-0004-0001-0000-000000000006',tr_id,fr_id,'fille','kız',2),
    ('f0000001-0004-0001-0000-000000000007',tr_id,fr_id,'grand-père','büyükbaba',2),
    ('f0000001-0004-0001-0000-000000000008',tr_id,fr_id,'grand-mère','büyükanneye',2),
    ('f0000001-0004-0001-0000-000000000009',tr_id,fr_id,'mari','koca',2),
    ('f0000001-0004-0001-0000-00000000000a',tr_id,fr_id,'femme','eş',2)
  ON CONFLICT (id) DO NOTHING;
  INSERT INTO word_level_assignments (word_id, level_id, display_order) VALUES
    ('f0000001-0004-0001-0000-000000000001','f0000001-0000-0000-0001-000000000004',1),
    ('f0000001-0004-0001-0000-000000000002','f0000001-0000-0000-0001-000000000004',2),
    ('f0000001-0004-0001-0000-000000000003','f0000001-0000-0000-0001-000000000004',3),
    ('f0000001-0004-0001-0000-000000000004','f0000001-0000-0000-0001-000000000004',4),
    ('f0000001-0004-0001-0000-000000000005','f0000001-0000-0000-0001-000000000004',5),
    ('f0000001-0004-0001-0000-000000000006','f0000001-0000-0000-0001-000000000004',6),
    ('f0000001-0004-0001-0000-000000000007','f0000001-0000-0000-0001-000000000004',7),
    ('f0000001-0004-0001-0000-000000000008','f0000001-0000-0000-0001-000000000004',8),
    ('f0000001-0004-0001-0000-000000000009','f0000001-0000-0000-0001-000000000004',9),
    ('f0000001-0004-0001-0000-00000000000a','f0000001-0000-0000-0001-000000000004',10)
  ON CONFLICT DO NOTHING;

  -- FR Level 5: Food
  INSERT INTO words (id, source_lang_id, target_lang_id, term, translation, difficulty) VALUES
    ('f0000001-0005-0001-0000-000000000001',tr_id,fr_id,'pain','ekmek',2),
    ('f0000001-0005-0001-0000-000000000002',tr_id,fr_id,'eau','su',2),
    ('f0000001-0005-0001-0000-000000000003',tr_id,fr_id,'café','kahve',2),
    ('f0000001-0005-0001-0000-000000000004',tr_id,fr_id,'vin','şarap',2),
    ('f0000001-0005-0001-0000-000000000005',tr_id,fr_id,'pomme','elma',2),
    ('f0000001-0005-0001-0000-000000000006',tr_id,fr_id,'fromage','peynir',2),
    ('f0000001-0005-0001-0000-000000000007',tr_id,fr_id,'viande','et',2),
    ('f0000001-0005-0001-0000-000000000008',tr_id,fr_id,'légume','sebze',2),
    ('f0000001-0005-0001-0000-000000000009',tr_id,fr_id,'fruit','meyve',2),
    ('f0000001-0005-0001-0000-00000000000a',tr_id,fr_id,'lait','süt',2)
  ON CONFLICT (id) DO NOTHING;
  INSERT INTO word_level_assignments (word_id, level_id, display_order) VALUES
    ('f0000001-0005-0001-0000-000000000001','f0000001-0000-0000-0001-000000000005',1),
    ('f0000001-0005-0001-0000-000000000002','f0000001-0000-0000-0001-000000000005',2),
    ('f0000001-0005-0001-0000-000000000003','f0000001-0000-0000-0001-000000000005',3),
    ('f0000001-0005-0001-0000-000000000004','f0000001-0000-0000-0001-000000000005',4),
    ('f0000001-0005-0001-0000-000000000005','f0000001-0000-0000-0001-000000000005',5),
    ('f0000001-0005-0001-0000-000000000006','f0000001-0000-0000-0001-000000000005',6),
    ('f0000001-0005-0001-0000-000000000007','f0000001-0000-0000-0001-000000000005',7),
    ('f0000001-0005-0001-0000-000000000008','f0000001-0000-0000-0001-000000000005',8),
    ('f0000001-0005-0001-0000-000000000009','f0000001-0000-0000-0001-000000000005',9),
    ('f0000001-0005-0001-0000-00000000000a','f0000001-0000-0000-0001-000000000005',10)
  ON CONFLICT DO NOTHING;

  -- FR Level 6: Animals
  INSERT INTO words (id, source_lang_id, target_lang_id, term, translation, difficulty) VALUES
    ('f0000001-0006-0001-0000-000000000001',tr_id,fr_id,'chien','köpek',2),
    ('f0000001-0006-0001-0000-000000000002',tr_id,fr_id,'chat','kedi',2),
    ('f0000001-0006-0001-0000-000000000003',tr_id,fr_id,'oiseau','kuş',2),
    ('f0000001-0006-0001-0000-000000000004',tr_id,fr_id,'poisson','balık',2),
    ('f0000001-0006-0001-0000-000000000005',tr_id,fr_id,'cheval','at',2),
    ('f0000001-0006-0001-0000-000000000006',tr_id,fr_id,'vache','inek',2),
    ('f0000001-0006-0001-0000-000000000007',tr_id,fr_id,'lapin','tavşan',2),
    ('f0000001-0006-0001-0000-000000000008',tr_id,fr_id,'lion','aslan',2),
    ('f0000001-0006-0001-0000-000000000009',tr_id,fr_id,'tigre','kaplan',2),
    ('f0000001-0006-0001-0000-00000000000a',tr_id,fr_id,'singe','maymun',2)
  ON CONFLICT (id) DO NOTHING;
  INSERT INTO word_level_assignments (word_id, level_id, display_order) VALUES
    ('f0000001-0006-0001-0000-000000000001','f0000001-0000-0000-0001-000000000006',1),
    ('f0000001-0006-0001-0000-000000000002','f0000001-0000-0000-0001-000000000006',2),
    ('f0000001-0006-0001-0000-000000000003','f0000001-0000-0000-0001-000000000006',3),
    ('f0000001-0006-0001-0000-000000000004','f0000001-0000-0000-0001-000000000006',4),
    ('f0000001-0006-0001-0000-000000000005','f0000001-0000-0000-0001-000000000006',5),
    ('f0000001-0006-0001-0000-000000000006','f0000001-0000-0000-0001-000000000006',6),
    ('f0000001-0006-0001-0000-000000000007','f0000001-0000-0000-0001-000000000006',7),
    ('f0000001-0006-0001-0000-000000000008','f0000001-0000-0000-0001-000000000006',8),
    ('f0000001-0006-0001-0000-000000000009','f0000001-0000-0000-0001-000000000006',9),
    ('f0000001-0006-0001-0000-00000000000a','f0000001-0000-0000-0001-000000000006',10)
  ON CONFLICT DO NOTHING;

  -- FR Level 7: Days & Time
  INSERT INTO words (id, source_lang_id, target_lang_id, term, translation, difficulty) VALUES
    ('f0000001-0007-0001-0000-000000000001',tr_id,fr_id,'lundi','pazartesi',2),
    ('f0000001-0007-0001-0000-000000000002',tr_id,fr_id,'mardi','salı',2),
    ('f0000001-0007-0001-0000-000000000003',tr_id,fr_id,'mercredi','çarşamba',2),
    ('f0000001-0007-0001-0000-000000000004',tr_id,fr_id,'jeudi','perşembe',2),
    ('f0000001-0007-0001-0000-000000000005',tr_id,fr_id,'vendredi','cuma',2),
    ('f0000001-0007-0001-0000-000000000006',tr_id,fr_id,'samedi','cumartesi',2),
    ('f0000001-0007-0001-0000-000000000007',tr_id,fr_id,'dimanche','pazar',2),
    ('f0000001-0007-0001-0000-000000000008',tr_id,fr_id,'matin','sabah',2),
    ('f0000001-0007-0001-0000-000000000009',tr_id,fr_id,'soir','akşam',2),
    ('f0000001-0007-0001-0000-00000000000a',tr_id,fr_id,'nuit','gece',2)
  ON CONFLICT (id) DO NOTHING;
  INSERT INTO word_level_assignments (word_id, level_id, display_order) VALUES
    ('f0000001-0007-0001-0000-000000000001','f0000001-0000-0000-0001-000000000007',1),
    ('f0000001-0007-0001-0000-000000000002','f0000001-0000-0000-0001-000000000007',2),
    ('f0000001-0007-0001-0000-000000000003','f0000001-0000-0000-0001-000000000007',3),
    ('f0000001-0007-0001-0000-000000000004','f0000001-0000-0000-0001-000000000007',4),
    ('f0000001-0007-0001-0000-000000000005','f0000001-0000-0000-0001-000000000007',5),
    ('f0000001-0007-0001-0000-000000000006','f0000001-0000-0000-0001-000000000007',6),
    ('f0000001-0007-0001-0000-000000000007','f0000001-0000-0000-0001-000000000007',7),
    ('f0000001-0007-0001-0000-000000000008','f0000001-0000-0000-0001-000000000007',8),
    ('f0000001-0007-0001-0000-000000000009','f0000001-0000-0000-0001-000000000007',9),
    ('f0000001-0007-0001-0000-00000000000a','f0000001-0000-0000-0001-000000000007',10)
  ON CONFLICT DO NOTHING;

  -- FR Level 8: Body Parts
  INSERT INTO words (id, source_lang_id, target_lang_id, term, translation, difficulty) VALUES
    ('f0000001-0008-0001-0000-000000000001',tr_id,fr_id,'tête','baş',3),
    ('f0000001-0008-0001-0000-000000000002',tr_id,fr_id,'main','el',3),
    ('f0000001-0008-0001-0000-000000000003',tr_id,fr_id,'pied','ayak',3),
    ('f0000001-0008-0001-0000-000000000004',tr_id,fr_id,'œil','göz',3),
    ('f0000001-0008-0001-0000-000000000005',tr_id,fr_id,'oreille','kulak',3),
    ('f0000001-0008-0001-0000-000000000006',tr_id,fr_id,'nez','burun',3),
    ('f0000001-0008-0001-0000-000000000007',tr_id,fr_id,'bouche','ağız',3),
    ('f0000001-0008-0001-0000-000000000008',tr_id,fr_id,'bras','kol',3),
    ('f0000001-0008-0001-0000-000000000009',tr_id,fr_id,'jambe','bacak',3),
    ('f0000001-0008-0001-0000-00000000000a',tr_id,fr_id,'cœur','kalp',3)
  ON CONFLICT (id) DO NOTHING;
  INSERT INTO word_level_assignments (word_id, level_id, display_order) VALUES
    ('f0000001-0008-0001-0000-000000000001','f0000001-0000-0000-0001-000000000008',1),
    ('f0000001-0008-0001-0000-000000000002','f0000001-0000-0000-0001-000000000008',2),
    ('f0000001-0008-0001-0000-000000000003','f0000001-0000-0000-0001-000000000008',3),
    ('f0000001-0008-0001-0000-000000000004','f0000001-0000-0000-0001-000000000008',4),
    ('f0000001-0008-0001-0000-000000000005','f0000001-0000-0000-0001-000000000008',5),
    ('f0000001-0008-0001-0000-000000000006','f0000001-0000-0000-0001-000000000008',6),
    ('f0000001-0008-0001-0000-000000000007','f0000001-0000-0000-0001-000000000008',7),
    ('f0000001-0008-0001-0000-000000000008','f0000001-0000-0000-0001-000000000008',8),
    ('f0000001-0008-0001-0000-000000000009','f0000001-0000-0000-0001-000000000008',9),
    ('f0000001-0008-0001-0000-00000000000a','f0000001-0000-0000-0001-000000000008',10)
  ON CONFLICT DO NOTHING;

  -- FR Level 9: Travel
  INSERT INTO words (id, source_lang_id, target_lang_id, term, translation, difficulty) VALUES
    ('f0000001-0009-0001-0000-000000000001',tr_id,fr_id,'train','tren',3),
    ('f0000001-0009-0001-0000-000000000002',tr_id,fr_id,'avion','uçak',3),
    ('f0000001-0009-0001-0000-000000000003',tr_id,fr_id,'hôtel','otel',3),
    ('f0000001-0009-0001-0000-000000000004',tr_id,fr_id,'passeport','pasaport',3),
    ('f0000001-0009-0001-0000-000000000005',tr_id,fr_id,'billet','bilet',3),
    ('f0000001-0009-0001-0000-000000000006',tr_id,fr_id,'gare','tren istasyonu',3),
    ('f0000001-0009-0001-0000-000000000007',tr_id,fr_id,'aéroport','havalimanı',3),
    ('f0000001-0009-0001-0000-000000000008',tr_id,fr_id,'carte','harita',3),
    ('f0000001-0009-0001-0000-000000000009',tr_id,fr_id,'valise','bavul',3),
    ('f0000001-0009-0001-0000-00000000000a',tr_id,fr_id,'taxi','taksi',3)
  ON CONFLICT (id) DO NOTHING;
  INSERT INTO word_level_assignments (word_id, level_id, display_order) VALUES
    ('f0000001-0009-0001-0000-000000000001','f0000001-0000-0000-0001-000000000009',1),
    ('f0000001-0009-0001-0000-000000000002','f0000001-0000-0000-0001-000000000009',2),
    ('f0000001-0009-0001-0000-000000000003','f0000001-0000-0000-0001-000000000009',3),
    ('f0000001-0009-0001-0000-000000000004','f0000001-0000-0000-0001-000000000009',4),
    ('f0000001-0009-0001-0000-000000000005','f0000001-0000-0000-0001-000000000009',5),
    ('f0000001-0009-0001-0000-000000000006','f0000001-0000-0000-0001-000000000009',6),
    ('f0000001-0009-0001-0000-000000000007','f0000001-0000-0000-0001-000000000009',7),
    ('f0000001-0009-0001-0000-000000000008','f0000001-0000-0000-0001-000000000009',8),
    ('f0000001-0009-0001-0000-000000000009','f0000001-0000-0000-0001-000000000009',9),
    ('f0000001-0009-0001-0000-00000000000a','f0000001-0000-0000-0001-000000000009',10)
  ON CONFLICT DO NOTHING;

  -- FR Level 10: Verbs
  INSERT INTO words (id, source_lang_id, target_lang_id, term, translation, difficulty) VALUES
    ('f0000001-000a-0001-0000-000000000001',tr_id,fr_id,'être','olmak',3),
    ('f0000001-000a-0001-0000-000000000002',tr_id,fr_id,'avoir','sahip olmak',3),
    ('f0000001-000a-0001-0000-000000000003',tr_id,fr_id,'aller','gitmek',3),
    ('f0000001-000a-0001-0000-000000000004',tr_id,fr_id,'venir','gelmek',3),
    ('f0000001-000a-0001-0000-000000000005',tr_id,fr_id,'manger','yemek',3),
    ('f0000001-000a-0001-0000-000000000006',tr_id,fr_id,'boire','içmek',3),
    ('f0000001-000a-0001-0000-000000000007',tr_id,fr_id,'dormir','uyumak',3),
    ('f0000001-000a-0001-0000-000000000008',tr_id,fr_id,'travailler','çalışmak',3),
    ('f0000001-000a-0001-0000-000000000009',tr_id,fr_id,'parler','konuşmak',3),
    ('f0000001-000a-0001-0000-00000000000a',tr_id,fr_id,'aimer','sevmek',3)
  ON CONFLICT (id) DO NOTHING;
  INSERT INTO word_level_assignments (word_id, level_id, display_order) VALUES
    ('f0000001-000a-0001-0000-000000000001','f0000001-0000-0000-0001-00000000000a',1),
    ('f0000001-000a-0001-0000-000000000002','f0000001-0000-0000-0001-00000000000a',2),
    ('f0000001-000a-0001-0000-000000000003','f0000001-0000-0000-0001-00000000000a',3),
    ('f0000001-000a-0001-0000-000000000004','f0000001-0000-0000-0001-00000000000a',4),
    ('f0000001-000a-0001-0000-000000000005','f0000001-0000-0000-0001-00000000000a',5),
    ('f0000001-000a-0001-0000-000000000006','f0000001-0000-0000-0001-00000000000a',6),
    ('f0000001-000a-0001-0000-000000000007','f0000001-0000-0000-0001-00000000000a',7),
    ('f0000001-000a-0001-0000-000000000008','f0000001-0000-0000-0001-00000000000a',8),
    ('f0000001-000a-0001-0000-000000000009','f0000001-0000-0000-0001-00000000000a',9),
    ('f0000001-000a-0001-0000-00000000000a','f0000001-0000-0000-0001-00000000000a',10)
  ON CONFLICT DO NOTHING;

  -- ══════════════════════════════════════════════════════════
  -- 🇩🇪 GERMAN COURSE (5 levels × 8 words)
  -- ══════════════════════════════════════════════════════════
  INSERT INTO courses (id, native_lang_id, target_lang_id, title, description, total_xp, is_active)
  VALUES ('de000001-0000-0000-0000-000000000001', tr_id, de_id,
          'Almanca Temelleri', 'Almancayı sıfırdan öğren', 500, true)
  ON CONFLICT (id) DO NOTHING;

  INSERT INTO levels (id, course_id, order_index, title, description, xp_reward, required_score, is_checkpoint) VALUES
    ('de000001-0000-0000-0001-000000000001','de000001-0000-0000-0000-000000000001',1,'Selamlaşma','Temel Almanca selamlaşma',50,60,false),
    ('de000001-0000-0000-0001-000000000002','de000001-0000-0000-0000-000000000001',2,'Sayılar','1-8 arası sayılar',50,60,false),
    ('de000001-0000-0000-0001-000000000003','de000001-0000-0000-0000-000000000001',3,'Renkler','Temel renkler',60,60,true),
    ('de000001-0000-0000-0001-000000000004','de000001-0000-0000-0000-000000000001',4,'Yiyecekler','Temel yiyecekler',70,65,false),
    ('de000001-0000-0000-0001-000000000005','de000001-0000-0000-0000-000000000001',5,'Fiiller','Temel eylemler',80,70,true)
  ON CONFLICT (id) DO NOTHING;

  INSERT INTO words (id, source_lang_id, target_lang_id, term, translation, difficulty) VALUES
    ('de000001-0001-0001-0000-000000000001',tr_id,de_id,'Hallo','merhaba',1),
    ('de000001-0001-0001-0000-000000000002',tr_id,de_id,'Danke','teşekkürler',1),
    ('de000001-0001-0001-0000-000000000003',tr_id,de_id,'Bitte','lütfen',1),
    ('de000001-0001-0001-0000-000000000004',tr_id,de_id,'Ja','evet',1),
    ('de000001-0001-0001-0000-000000000005',tr_id,de_id,'Nein','hayır',1),
    ('de000001-0001-0001-0000-000000000006',tr_id,de_id,'Guten Morgen','günaydın',1),
    ('de000001-0001-0001-0000-000000000007',tr_id,de_id,'Guten Abend','iyi akşamlar',1),
    ('de000001-0001-0001-0000-000000000008',tr_id,de_id,'Auf Wiedersehen','güle güle',1),
    ('de000001-0002-0001-0000-000000000001',tr_id,de_id,'eins','bir',1),
    ('de000001-0002-0001-0000-000000000002',tr_id,de_id,'zwei','iki',1),
    ('de000001-0002-0001-0000-000000000003',tr_id,de_id,'drei','üç',1),
    ('de000001-0002-0001-0000-000000000004',tr_id,de_id,'vier','dört',1),
    ('de000001-0002-0001-0000-000000000005',tr_id,de_id,'fünf','beş',1),
    ('de000001-0002-0001-0000-000000000006',tr_id,de_id,'sechs','altı',1),
    ('de000001-0002-0001-0000-000000000007',tr_id,de_id,'sieben','yedi',1),
    ('de000001-0002-0001-0000-000000000008',tr_id,de_id,'acht','sekiz',1),
    ('de000001-0003-0001-0000-000000000001',tr_id,de_id,'rot','kırmızı',1),
    ('de000001-0003-0001-0000-000000000002',tr_id,de_id,'blau','mavi',1),
    ('de000001-0003-0001-0000-000000000003',tr_id,de_id,'grün','yeşil',1),
    ('de000001-0003-0001-0000-000000000004',tr_id,de_id,'gelb','sarı',1),
    ('de000001-0003-0001-0000-000000000005',tr_id,de_id,'weiß','beyaz',1),
    ('de000001-0003-0001-0000-000000000006',tr_id,de_id,'schwarz','siyah',1),
    ('de000001-0003-0001-0000-000000000007',tr_id,de_id,'orange','turuncu',1),
    ('de000001-0003-0001-0000-000000000008',tr_id,de_id,'rosa','pembe',1),
    ('de000001-0004-0001-0000-000000000001',tr_id,de_id,'Brot','ekmek',2),
    ('de000001-0004-0001-0000-000000000002',tr_id,de_id,'Wasser','su',2),
    ('de000001-0004-0001-0000-000000000003',tr_id,de_id,'Kaffee','kahve',2),
    ('de000001-0004-0001-0000-000000000004',tr_id,de_id,'Milch','süt',2),
    ('de000001-0004-0001-0000-000000000005',tr_id,de_id,'Apfel','elma',2),
    ('de000001-0004-0001-0000-000000000006',tr_id,de_id,'Käse','peynir',2),
    ('de000001-0004-0001-0000-000000000007',tr_id,de_id,'Fleisch','et',2),
    ('de000001-0004-0001-0000-000000000008',tr_id,de_id,'Gemüse','sebze',2),
    ('de000001-0005-0001-0000-000000000001',tr_id,de_id,'sein','olmak',2),
    ('de000001-0005-0001-0000-000000000002',tr_id,de_id,'haben','sahip olmak',2),
    ('de000001-0005-0001-0000-000000000003',tr_id,de_id,'gehen','gitmek',2),
    ('de000001-0005-0001-0000-000000000004',tr_id,de_id,'kommen','gelmek',2),
    ('de000001-0005-0001-0000-000000000005',tr_id,de_id,'essen','yemek',2),
    ('de000001-0005-0001-0000-000000000006',tr_id,de_id,'trinken','içmek',2),
    ('de000001-0005-0001-0000-000000000007',tr_id,de_id,'schlafen','uyumak',2),
    ('de000001-0005-0001-0000-000000000008',tr_id,de_id,'arbeiten','çalışmak',2)
  ON CONFLICT (id) DO NOTHING;

  INSERT INTO word_level_assignments (word_id, level_id, display_order) VALUES
    ('de000001-0001-0001-0000-000000000001','de000001-0000-0000-0001-000000000001',1),
    ('de000001-0001-0001-0000-000000000002','de000001-0000-0000-0001-000000000001',2),
    ('de000001-0001-0001-0000-000000000003','de000001-0000-0000-0001-000000000001',3),
    ('de000001-0001-0001-0000-000000000004','de000001-0000-0000-0001-000000000001',4),
    ('de000001-0001-0001-0000-000000000005','de000001-0000-0000-0001-000000000001',5),
    ('de000001-0001-0001-0000-000000000006','de000001-0000-0000-0001-000000000001',6),
    ('de000001-0001-0001-0000-000000000007','de000001-0000-0000-0001-000000000001',7),
    ('de000001-0001-0001-0000-000000000008','de000001-0000-0000-0001-000000000001',8),
    ('de000001-0002-0001-0000-000000000001','de000001-0000-0000-0001-000000000002',1),
    ('de000001-0002-0001-0000-000000000002','de000001-0000-0000-0001-000000000002',2),
    ('de000001-0002-0001-0000-000000000003','de000001-0000-0000-0001-000000000002',3),
    ('de000001-0002-0001-0000-000000000004','de000001-0000-0000-0001-000000000002',4),
    ('de000001-0002-0001-0000-000000000005','de000001-0000-0000-0001-000000000002',5),
    ('de000001-0002-0001-0000-000000000006','de000001-0000-0000-0001-000000000002',6),
    ('de000001-0002-0001-0000-000000000007','de000001-0000-0000-0001-000000000002',7),
    ('de000001-0002-0001-0000-000000000008','de000001-0000-0000-0001-000000000002',8),
    ('de000001-0003-0001-0000-000000000001','de000001-0000-0000-0001-000000000003',1),
    ('de000001-0003-0001-0000-000000000002','de000001-0000-0000-0001-000000000003',2),
    ('de000001-0003-0001-0000-000000000003','de000001-0000-0000-0001-000000000003',3),
    ('de000001-0003-0001-0000-000000000004','de000001-0000-0000-0001-000000000003',4),
    ('de000001-0003-0001-0000-000000000005','de000001-0000-0000-0001-000000000003',5),
    ('de000001-0003-0001-0000-000000000006','de000001-0000-0000-0001-000000000003',6),
    ('de000001-0003-0001-0000-000000000007','de000001-0000-0000-0001-000000000003',7),
    ('de000001-0003-0001-0000-000000000008','de000001-0000-0000-0001-000000000003',8),
    ('de000001-0004-0001-0000-000000000001','de000001-0000-0000-0001-000000000004',1),
    ('de000001-0004-0001-0000-000000000002','de000001-0000-0000-0001-000000000004',2),
    ('de000001-0004-0001-0000-000000000003','de000001-0000-0000-0001-000000000004',3),
    ('de000001-0004-0001-0000-000000000004','de000001-0000-0000-0001-000000000004',4),
    ('de000001-0004-0001-0000-000000000005','de000001-0000-0000-0001-000000000004',5),
    ('de000001-0004-0001-0000-000000000006','de000001-0000-0000-0001-000000000004',6),
    ('de000001-0004-0001-0000-000000000007','de000001-0000-0000-0001-000000000004',7),
    ('de000001-0004-0001-0000-000000000008','de000001-0000-0000-0001-000000000004',8),
    ('de000001-0005-0001-0000-000000000001','de000001-0000-0000-0001-000000000005',1),
    ('de000001-0005-0001-0000-000000000002','de000001-0000-0000-0001-000000000005',2),
    ('de000001-0005-0001-0000-000000000003','de000001-0000-0000-0001-000000000005',3),
    ('de000001-0005-0001-0000-000000000004','de000001-0000-0000-0001-000000000005',4),
    ('de000001-0005-0001-0000-000000000005','de000001-0000-0000-0001-000000000005',5),
    ('de000001-0005-0001-0000-000000000006','de000001-0000-0000-0001-000000000005',6),
    ('de000001-0005-0001-0000-000000000007','de000001-0000-0000-0001-000000000005',7),
    ('de000001-0005-0001-0000-000000000008','de000001-0000-0000-0001-000000000005',8)
  ON CONFLICT DO NOTHING;

  -- ══════════════════════════════════════════════════════════
  -- 🇪🇸 SPANISH COURSE (5 levels × 8 words)
  -- ══════════════════════════════════════════════════════════
  INSERT INTO courses (id, native_lang_id, target_lang_id, title, description, total_xp, is_active)
  VALUES ('e5000001-0000-0000-0000-000000000001', tr_id, es_id,
          'İspanyolca Temelleri', 'İspanyolcayı sıfırdan öğren', 500, true)
  ON CONFLICT (id) DO NOTHING;

  INSERT INTO levels (id, course_id, order_index, title, description, xp_reward, required_score, is_checkpoint) VALUES
    ('e5000001-0000-0000-0001-000000000001','e5000001-0000-0000-0000-000000000001',1,'Selamlaşma','Temel İspanyolca selamlaşma',50,60,false),
    ('e5000001-0000-0000-0001-000000000002','e5000001-0000-0000-0000-000000000001',2,'Sayılar','1-8 arası sayılar',50,60,false),
    ('e5000001-0000-0000-0001-000000000003','e5000001-0000-0000-0000-000000000001',3,'Renkler','Temel renkler',60,60,true),
    ('e5000001-0000-0000-0001-000000000004','e5000001-0000-0000-0000-000000000001',4,'Yiyecekler','Temel yiyecekler',70,65,false),
    ('e5000001-0000-0000-0001-000000000005','e5000001-0000-0000-0000-000000000001',5,'Fiiller','Temel eylemler',80,70,true)
  ON CONFLICT (id) DO NOTHING;

  INSERT INTO words (id, source_lang_id, target_lang_id, term, translation, difficulty) VALUES
    ('e5000001-0001-0001-0000-000000000001',tr_id,es_id,'hola','merhaba',1),
    ('e5000001-0001-0001-0000-000000000002',tr_id,es_id,'gracias','teşekkürler',1),
    ('e5000001-0001-0001-0000-000000000003',tr_id,es_id,'por favor','lütfen',1),
    ('e5000001-0001-0001-0000-000000000004',tr_id,es_id,'sí','evet',1),
    ('e5000001-0001-0001-0000-000000000005',tr_id,es_id,'no','hayır',1),
    ('e5000001-0001-0001-0000-000000000006',tr_id,es_id,'buenos días','günaydın',1),
    ('e5000001-0001-0001-0000-000000000007',tr_id,es_id,'buenas noches','iyi geceler',1),
    ('e5000001-0001-0001-0000-000000000008',tr_id,es_id,'adiós','hoşçakal',1),
    ('e5000001-0002-0001-0000-000000000001',tr_id,es_id,'uno','bir',1),
    ('e5000001-0002-0001-0000-000000000002',tr_id,es_id,'dos','iki',1),
    ('e5000001-0002-0001-0000-000000000003',tr_id,es_id,'tres','üç',1),
    ('e5000001-0002-0001-0000-000000000004',tr_id,es_id,'cuatro','dört',1),
    ('e5000001-0002-0001-0000-000000000005',tr_id,es_id,'cinco','beş',1),
    ('e5000001-0002-0001-0000-000000000006',tr_id,es_id,'seis','altı',1),
    ('e5000001-0002-0001-0000-000000000007',tr_id,es_id,'siete','yedi',1),
    ('e5000001-0002-0001-0000-000000000008',tr_id,es_id,'ocho','sekiz',1),
    ('e5000001-0003-0001-0000-000000000001',tr_id,es_id,'rojo','kırmızı',1),
    ('e5000001-0003-0001-0000-000000000002',tr_id,es_id,'azul','mavi',1),
    ('e5000001-0003-0001-0000-000000000003',tr_id,es_id,'verde','yeşil',1),
    ('e5000001-0003-0001-0000-000000000004',tr_id,es_id,'amarillo','sarı',1),
    ('e5000001-0003-0001-0000-000000000005',tr_id,es_id,'blanco','beyaz',1),
    ('e5000001-0003-0001-0000-000000000006',tr_id,es_id,'negro','siyah',1),
    ('e5000001-0003-0001-0000-000000000007',tr_id,es_id,'naranja','turuncu',1),
    ('e5000001-0003-0001-0000-000000000008',tr_id,es_id,'rosa','pembe',1),
    ('e5000001-0004-0001-0000-000000000001',tr_id,es_id,'pan','ekmek',2),
    ('e5000001-0004-0001-0000-000000000002',tr_id,es_id,'agua','su',2),
    ('e5000001-0004-0001-0000-000000000003',tr_id,es_id,'café','kahve',2),
    ('e5000001-0004-0001-0000-000000000004',tr_id,es_id,'leche','süt',2),
    ('e5000001-0004-0001-0000-000000000005',tr_id,es_id,'manzana','elma',2),
    ('e5000001-0004-0001-0000-000000000006',tr_id,es_id,'queso','peynir',2),
    ('e5000001-0004-0001-0000-000000000007',tr_id,es_id,'carne','et',2),
    ('e5000001-0004-0001-0000-000000000008',tr_id,es_id,'verdura','sebze',2),
    ('e5000001-0005-0001-0000-000000000001',tr_id,es_id,'ser','olmak',2),
    ('e5000001-0005-0001-0000-000000000002',tr_id,es_id,'tener','sahip olmak',2),
    ('e5000001-0005-0001-0000-000000000003',tr_id,es_id,'ir','gitmek',2),
    ('e5000001-0005-0001-0000-000000000004',tr_id,es_id,'venir','gelmek',2),
    ('e5000001-0005-0001-0000-000000000005',tr_id,es_id,'comer','yemek',2),
    ('e5000001-0005-0001-0000-000000000006',tr_id,es_id,'beber','içmek',2),
    ('e5000001-0005-0001-0000-000000000007',tr_id,es_id,'dormir','uyumak',2),
    ('e5000001-0005-0001-0000-000000000008',tr_id,es_id,'trabajar','çalışmak',2)
  ON CONFLICT (id) DO NOTHING;

  INSERT INTO word_level_assignments (word_id, level_id, display_order) VALUES
    ('e5000001-0001-0001-0000-000000000001','e5000001-0000-0000-0001-000000000001',1),
    ('e5000001-0001-0001-0000-000000000002','e5000001-0000-0000-0001-000000000001',2),
    ('e5000001-0001-0001-0000-000000000003','e5000001-0000-0000-0001-000000000001',3),
    ('e5000001-0001-0001-0000-000000000004','e5000001-0000-0000-0001-000000000001',4),
    ('e5000001-0001-0001-0000-000000000005','e5000001-0000-0000-0001-000000000001',5),
    ('e5000001-0001-0001-0000-000000000006','e5000001-0000-0000-0001-000000000001',6),
    ('e5000001-0001-0001-0000-000000000007','e5000001-0000-0000-0001-000000000001',7),
    ('e5000001-0001-0001-0000-000000000008','e5000001-0000-0000-0001-000000000001',8),
    ('e5000001-0002-0001-0000-000000000001','e5000001-0000-0000-0001-000000000002',1),
    ('e5000001-0002-0001-0000-000000000002','e5000001-0000-0000-0001-000000000002',2),
    ('e5000001-0002-0001-0000-000000000003','e5000001-0000-0000-0001-000000000002',3),
    ('e5000001-0002-0001-0000-000000000004','e5000001-0000-0000-0001-000000000002',4),
    ('e5000001-0002-0001-0000-000000000005','e5000001-0000-0000-0001-000000000002',5),
    ('e5000001-0002-0001-0000-000000000006','e5000001-0000-0000-0001-000000000002',6),
    ('e5000001-0002-0001-0000-000000000007','e5000001-0000-0000-0001-000000000002',7),
    ('e5000001-0002-0001-0000-000000000008','e5000001-0000-0000-0001-000000000002',8),
    ('e5000001-0003-0001-0000-000000000001','e5000001-0000-0000-0001-000000000003',1),
    ('e5000001-0003-0001-0000-000000000002','e5000001-0000-0000-0001-000000000003',2),
    ('e5000001-0003-0001-0000-000000000003','e5000001-0000-0000-0001-000000000003',3),
    ('e5000001-0003-0001-0000-000000000004','e5000001-0000-0000-0001-000000000003',4),
    ('e5000001-0003-0001-0000-000000000005','e5000001-0000-0000-0001-000000000003',5),
    ('e5000001-0003-0001-0000-000000000006','e5000001-0000-0000-0001-000000000003',6),
    ('e5000001-0003-0001-0000-000000000007','e5000001-0000-0000-0001-000000000003',7),
    ('e5000001-0003-0001-0000-000000000008','e5000001-0000-0000-0001-000000000003',8),
    ('e5000001-0004-0001-0000-000000000001','e5000001-0000-0000-0001-000000000004',1),
    ('e5000001-0004-0001-0000-000000000002','e5000001-0000-0000-0001-000000000004',2),
    ('e5000001-0004-0001-0000-000000000003','e5000001-0000-0000-0001-000000000004',3),
    ('e5000001-0004-0001-0000-000000000004','e5000001-0000-0000-0001-000000000004',4),
    ('e5000001-0004-0001-0000-000000000005','e5000001-0000-0000-0001-000000000004',5),
    ('e5000001-0004-0001-0000-000000000006','e5000001-0000-0000-0001-000000000004',6),
    ('e5000001-0004-0001-0000-000000000007','e5000001-0000-0000-0001-000000000004',7),
    ('e5000001-0004-0001-0000-000000000008','e5000001-0000-0000-0001-000000000004',8),
    ('e5000001-0005-0001-0000-000000000001','e5000001-0000-0000-0001-000000000005',1),
    ('e5000001-0005-0001-0000-000000000002','e5000001-0000-0000-0001-000000000005',2),
    ('e5000001-0005-0001-0000-000000000003','e5000001-0000-0000-0001-000000000005',3),
    ('e5000001-0005-0001-0000-000000000004','e5000001-0000-0000-0001-000000000005',4),
    ('e5000001-0005-0001-0000-000000000005','e5000001-0000-0000-0001-000000000005',5),
    ('e5000001-0005-0001-0000-000000000006','e5000001-0000-0000-0001-000000000005',6),
    ('e5000001-0005-0001-0000-000000000007','e5000001-0000-0000-0001-000000000005',7),
    ('e5000001-0005-0001-0000-000000000008','e5000001-0000-0000-0001-000000000005',8)
  ON CONFLICT DO NOTHING;

  -- ══════════════════════════════════════════════════════════
  -- 🇮🇹 ITALIAN COURSE (5 levels × 8 words)
  -- ══════════════════════════════════════════════════════════
  INSERT INTO courses (id, native_lang_id, target_lang_id, title, description, total_xp, is_active)
  VALUES ('17000001-0000-0000-0000-000000000001', tr_id, it_id,
          'İtalyanca Temelleri', 'İtalyancayı sıfırdan öğren', 500, true)
  ON CONFLICT (id) DO NOTHING;

  INSERT INTO levels (id, course_id, order_index, title, description, xp_reward, required_score, is_checkpoint) VALUES
    ('17000001-0000-0000-0001-000000000001','17000001-0000-0000-0000-000000000001',1,'Selamlaşma','Temel İtalyanca selamlaşma',50,60,false),
    ('17000001-0000-0000-0001-000000000002','17000001-0000-0000-0000-000000000001',2,'Sayılar','1-8 arası sayılar',50,60,false),
    ('17000001-0000-0000-0001-000000000003','17000001-0000-0000-0000-000000000001',3,'Renkler','Temel renkler',60,60,true),
    ('17000001-0000-0000-0001-000000000004','17000001-0000-0000-0000-000000000001',4,'Yiyecekler','Temel yiyecekler',70,65,false),
    ('17000001-0000-0000-0001-000000000005','17000001-0000-0000-0000-000000000001',5,'Fiiller','Temel eylemler',80,70,true)
  ON CONFLICT (id) DO NOTHING;

  INSERT INTO words (id, source_lang_id, target_lang_id, term, translation, difficulty) VALUES
    ('17000001-0001-0001-0000-000000000001',tr_id,it_id,'Ciao','merhaba',1),
    ('17000001-0001-0001-0000-000000000002',tr_id,it_id,'Grazie','teşekkürler',1),
    ('17000001-0001-0001-0000-000000000003',tr_id,it_id,'Per favore','lütfen',1),
    ('17000001-0001-0001-0000-000000000004',tr_id,it_id,'Sì','evet',1),
    ('17000001-0001-0001-0000-000000000005',tr_id,it_id,'No','hayır',1),
    ('17000001-0001-0001-0000-000000000006',tr_id,it_id,'Buongiorno','günaydın',1),
    ('17000001-0001-0001-0000-000000000007',tr_id,it_id,'Buonasera','iyi akşamlar',1),
    ('17000001-0001-0001-0000-000000000008',tr_id,it_id,'Arrivederci','hoşçakal',1),
    ('17000001-0002-0001-0000-000000000001',tr_id,it_id,'uno','bir',1),
    ('17000001-0002-0001-0000-000000000002',tr_id,it_id,'due','iki',1),
    ('17000001-0002-0001-0000-000000000003',tr_id,it_id,'tre','üç',1),
    ('17000001-0002-0001-0000-000000000004',tr_id,it_id,'quattro','dört',1),
    ('17000001-0002-0001-0000-000000000005',tr_id,it_id,'cinque','beş',1),
    ('17000001-0002-0001-0000-000000000006',tr_id,it_id,'sei','altı',1),
    ('17000001-0002-0001-0000-000000000007',tr_id,it_id,'sette','yedi',1),
    ('17000001-0002-0001-0000-000000000008',tr_id,it_id,'otto','sekiz',1),
    ('17000001-0003-0001-0000-000000000001',tr_id,it_id,'rosso','kırmızı',1),
    ('17000001-0003-0001-0000-000000000002',tr_id,it_id,'blu','mavi',1),
    ('17000001-0003-0001-0000-000000000003',tr_id,it_id,'verde','yeşil',1),
    ('17000001-0003-0001-0000-000000000004',tr_id,it_id,'giallo','sarı',1),
    ('17000001-0003-0001-0000-000000000005',tr_id,it_id,'bianco','beyaz',1),
    ('17000001-0003-0001-0000-000000000006',tr_id,it_id,'nero','siyah',1),
    ('17000001-0003-0001-0000-000000000007',tr_id,it_id,'arancione','turuncu',1),
    ('17000001-0003-0001-0000-000000000008',tr_id,it_id,'rosa','pembe',1),
    ('17000001-0004-0001-0000-000000000001',tr_id,it_id,'pane','ekmek',2),
    ('17000001-0004-0001-0000-000000000002',tr_id,it_id,'acqua','su',2),
    ('17000001-0004-0001-0000-000000000003',tr_id,it_id,'caffè','kahve',2),
    ('17000001-0004-0001-0000-000000000004',tr_id,it_id,'latte','süt',2),
    ('17000001-0004-0001-0000-000000000005',tr_id,it_id,'mela','elma',2),
    ('17000001-0004-0001-0000-000000000006',tr_id,it_id,'formaggio','peynir',2),
    ('17000001-0004-0001-0000-000000000007',tr_id,it_id,'carne','et',2),
    ('17000001-0004-0001-0000-000000000008',tr_id,it_id,'verdura','sebze',2),
    ('17000001-0005-0001-0000-000000000001',tr_id,it_id,'essere','olmak',2),
    ('17000001-0005-0001-0000-000000000002',tr_id,it_id,'avere','sahip olmak',2),
    ('17000001-0005-0001-0000-000000000003',tr_id,it_id,'andare','gitmek',2),
    ('17000001-0005-0001-0000-000000000004',tr_id,it_id,'venire','gelmek',2),
    ('17000001-0005-0001-0000-000000000005',tr_id,it_id,'mangiare','yemek',2),
    ('17000001-0005-0001-0000-000000000006',tr_id,it_id,'bere','içmek',2),
    ('17000001-0005-0001-0000-000000000007',tr_id,it_id,'dormire','uyumak',2),
    ('17000001-0005-0001-0000-000000000008',tr_id,it_id,'lavorare','çalışmak',2)
  ON CONFLICT (id) DO NOTHING;

  INSERT INTO word_level_assignments (word_id, level_id, display_order) VALUES
    ('17000001-0001-0001-0000-000000000001','17000001-0000-0000-0001-000000000001',1),
    ('17000001-0001-0001-0000-000000000002','17000001-0000-0000-0001-000000000001',2),
    ('17000001-0001-0001-0000-000000000003','17000001-0000-0000-0001-000000000001',3),
    ('17000001-0001-0001-0000-000000000004','17000001-0000-0000-0001-000000000001',4),
    ('17000001-0001-0001-0000-000000000005','17000001-0000-0000-0001-000000000001',5),
    ('17000001-0001-0001-0000-000000000006','17000001-0000-0000-0001-000000000001',6),
    ('17000001-0001-0001-0000-000000000007','17000001-0000-0000-0001-000000000001',7),
    ('17000001-0001-0001-0000-000000000008','17000001-0000-0000-0001-000000000001',8),
    ('17000001-0002-0001-0000-000000000001','17000001-0000-0000-0001-000000000002',1),
    ('17000001-0002-0001-0000-000000000002','17000001-0000-0000-0001-000000000002',2),
    ('17000001-0002-0001-0000-000000000003','17000001-0000-0000-0001-000000000002',3),
    ('17000001-0002-0001-0000-000000000004','17000001-0000-0000-0001-000000000002',4),
    ('17000001-0002-0001-0000-000000000005','17000001-0000-0000-0001-000000000002',5),
    ('17000001-0002-0001-0000-000000000006','17000001-0000-0000-0001-000000000002',6),
    ('17000001-0002-0001-0000-000000000007','17000001-0000-0000-0001-000000000002',7),
    ('17000001-0002-0001-0000-000000000008','17000001-0000-0000-0001-000000000002',8),
    ('17000001-0003-0001-0000-000000000001','17000001-0000-0000-0001-000000000003',1),
    ('17000001-0003-0001-0000-000000000002','17000001-0000-0000-0001-000000000003',2),
    ('17000001-0003-0001-0000-000000000003','17000001-0000-0000-0001-000000000003',3),
    ('17000001-0003-0001-0000-000000000004','17000001-0000-0000-0001-000000000003',4),
    ('17000001-0003-0001-0000-000000000005','17000001-0000-0000-0001-000000000003',5),
    ('17000001-0003-0001-0000-000000000006','17000001-0000-0000-0001-000000000003',6),
    ('17000001-0003-0001-0000-000000000007','17000001-0000-0000-0001-000000000003',7),
    ('17000001-0003-0001-0000-000000000008','17000001-0000-0000-0001-000000000003',8),
    ('17000001-0004-0001-0000-000000000001','17000001-0000-0000-0001-000000000004',1),
    ('17000001-0004-0001-0000-000000000002','17000001-0000-0000-0001-000000000004',2),
    ('17000001-0004-0001-0000-000000000003','17000001-0000-0000-0001-000000000004',3),
    ('17000001-0004-0001-0000-000000000004','17000001-0000-0000-0001-000000000004',4),
    ('17000001-0004-0001-0000-000000000005','17000001-0000-0000-0001-000000000004',5),
    ('17000001-0004-0001-0000-000000000006','17000001-0000-0000-0001-000000000004',6),
    ('17000001-0004-0001-0000-000000000007','17000001-0000-0000-0001-000000000004',7),
    ('17000001-0004-0001-0000-000000000008','17000001-0000-0000-0001-000000000004',8),
    ('17000001-0005-0001-0000-000000000001','17000001-0000-0000-0001-000000000005',1),
    ('17000001-0005-0001-0000-000000000002','17000001-0000-0000-0001-000000000005',2),
    ('17000001-0005-0001-0000-000000000003','17000001-0000-0000-0001-000000000005',3),
    ('17000001-0005-0001-0000-000000000004','17000001-0000-0000-0001-000000000005',4),
    ('17000001-0005-0001-0000-000000000005','17000001-0000-0000-0001-000000000005',5),
    ('17000001-0005-0001-0000-000000000006','17000001-0000-0000-0001-000000000005',6),
    ('17000001-0005-0001-0000-000000000007','17000001-0000-0000-0001-000000000005',7),
    ('17000001-0005-0001-0000-000000000008','17000001-0000-0000-0001-000000000005',8)
  ON CONFLICT DO NOTHING;

  -- ══════════════════════════════════════════════════════════
  -- 🇷🇺 RUSSIAN COURSE (5 levels × 8 words)
  -- ══════════════════════════════════════════════════════════
  INSERT INTO courses (id, native_lang_id, target_lang_id, title, description, total_xp, is_active)
  VALUES ('04000001-0000-0000-0000-000000000001', tr_id, ru_id,
          'Rusça Temelleri', 'Rusçayı sıfırdan öğren', 500, true)
  ON CONFLICT (id) DO NOTHING;

  INSERT INTO levels (id, course_id, order_index, title, description, xp_reward, required_score, is_checkpoint) VALUES
    ('04000001-0000-0000-0001-000000000001','04000001-0000-0000-0000-000000000001',1,'Selamlaşma','Temel Rusça selamlaşma',50,60,false),
    ('04000001-0000-0000-0001-000000000002','04000001-0000-0000-0000-000000000001',2,'Sayılar','1-8 arası sayılar',50,60,false),
    ('04000001-0000-0000-0001-000000000003','04000001-0000-0000-0000-000000000001',3,'Renkler','Temel renkler',60,60,true),
    ('04000001-0000-0000-0001-000000000004','04000001-0000-0000-0000-000000000001',4,'Yiyecekler','Temel yiyecekler',70,65,false),
    ('04000001-0000-0000-0001-000000000005','04000001-0000-0000-0000-000000000001',5,'Fiiller','Temel eylemler',80,70,true)
  ON CONFLICT (id) DO NOTHING;

  INSERT INTO words (id, source_lang_id, target_lang_id, term, translation, difficulty) VALUES
    ('04000001-0001-0001-0000-000000000001',tr_id,ru_id,'Привет','merhaba',1),
    ('04000001-0001-0001-0000-000000000002',tr_id,ru_id,'Спасибо','teşekkürler',1),
    ('04000001-0001-0001-0000-000000000003',tr_id,ru_id,'Пожалуйста','lütfen',1),
    ('04000001-0001-0001-0000-000000000004',tr_id,ru_id,'Да','evet',1),
    ('04000001-0001-0001-0000-000000000005',tr_id,ru_id,'Нет','hayır',1),
    ('04000001-0001-0001-0000-000000000006',tr_id,ru_id,'Доброе утро','günaydın',1),
    ('04000001-0001-0001-0000-000000000007',tr_id,ru_id,'Добрый вечер','iyi akşamlar',1),
    ('04000001-0001-0001-0000-000000000008',tr_id,ru_id,'До свидания','hoşçakal',1),
    ('04000001-0002-0001-0000-000000000001',tr_id,ru_id,'один','bir',1),
    ('04000001-0002-0001-0000-000000000002',tr_id,ru_id,'два','iki',1),
    ('04000001-0002-0001-0000-000000000003',tr_id,ru_id,'три','üç',1),
    ('04000001-0002-0001-0000-000000000004',tr_id,ru_id,'четыре','dört',1),
    ('04000001-0002-0001-0000-000000000005',tr_id,ru_id,'пять','beş',1),
    ('04000001-0002-0001-0000-000000000006',tr_id,ru_id,'шесть','altı',1),
    ('04000001-0002-0001-0000-000000000007',tr_id,ru_id,'семь','yedi',1),
    ('04000001-0002-0001-0000-000000000008',tr_id,ru_id,'восемь','sekiz',1),
    ('04000001-0003-0001-0000-000000000001',tr_id,ru_id,'красный','kırmızı',1),
    ('04000001-0003-0001-0000-000000000002',tr_id,ru_id,'синий','mavi',1),
    ('04000001-0003-0001-0000-000000000003',tr_id,ru_id,'зелёный','yeşil',1),
    ('04000001-0003-0001-0000-000000000004',tr_id,ru_id,'жёлтый','sarı',1),
    ('04000001-0003-0001-0000-000000000005',tr_id,ru_id,'белый','beyaz',1),
    ('04000001-0003-0001-0000-000000000006',tr_id,ru_id,'чёрный','siyah',1),
    ('04000001-0003-0001-0000-000000000007',tr_id,ru_id,'оранжевый','turuncu',1),
    ('04000001-0003-0001-0000-000000000008',tr_id,ru_id,'розовый','pembe',1),
    ('04000001-0004-0001-0000-000000000001',tr_id,ru_id,'хлеб','ekmek',2),
    ('04000001-0004-0001-0000-000000000002',tr_id,ru_id,'вода','su',2),
    ('04000001-0004-0001-0000-000000000003',tr_id,ru_id,'кофе','kahve',2),
    ('04000001-0004-0001-0000-000000000004',tr_id,ru_id,'молоко','süt',2),
    ('04000001-0004-0001-0000-000000000005',tr_id,ru_id,'яблоко','elma',2),
    ('04000001-0004-0001-0000-000000000006',tr_id,ru_id,'сыр','peynir',2),
    ('04000001-0004-0001-0000-000000000007',tr_id,ru_id,'мясо','et',2),
    ('04000001-0004-0001-0000-000000000008',tr_id,ru_id,'овощи','sebze',2),
    ('04000001-0005-0001-0000-000000000001',tr_id,ru_id,'быть','olmak',2),
    ('04000001-0005-0001-0000-000000000002',tr_id,ru_id,'иметь','sahip olmak',2),
    ('04000001-0005-0001-0000-000000000003',tr_id,ru_id,'идти','gitmek',2),
    ('04000001-0005-0001-0000-000000000004',tr_id,ru_id,'приходить','gelmek',2),
    ('04000001-0005-0001-0000-000000000005',tr_id,ru_id,'есть','yemek',2),
    ('04000001-0005-0001-0000-000000000006',tr_id,ru_id,'пить','içmek',2),
    ('04000001-0005-0001-0000-000000000007',tr_id,ru_id,'спать','uyumak',2),
    ('04000001-0005-0001-0000-000000000008',tr_id,ru_id,'работать','çalışmak',2)
  ON CONFLICT (id) DO NOTHING;

  INSERT INTO word_level_assignments (word_id, level_id, display_order) VALUES
    ('04000001-0001-0001-0000-000000000001','04000001-0000-0000-0001-000000000001',1),
    ('04000001-0001-0001-0000-000000000002','04000001-0000-0000-0001-000000000001',2),
    ('04000001-0001-0001-0000-000000000003','04000001-0000-0000-0001-000000000001',3),
    ('04000001-0001-0001-0000-000000000004','04000001-0000-0000-0001-000000000001',4),
    ('04000001-0001-0001-0000-000000000005','04000001-0000-0000-0001-000000000001',5),
    ('04000001-0001-0001-0000-000000000006','04000001-0000-0000-0001-000000000001',6),
    ('04000001-0001-0001-0000-000000000007','04000001-0000-0000-0001-000000000001',7),
    ('04000001-0001-0001-0000-000000000008','04000001-0000-0000-0001-000000000001',8),
    ('04000001-0002-0001-0000-000000000001','04000001-0000-0000-0001-000000000002',1),
    ('04000001-0002-0001-0000-000000000002','04000001-0000-0000-0001-000000000002',2),
    ('04000001-0002-0001-0000-000000000003','04000001-0000-0000-0001-000000000002',3),
    ('04000001-0002-0001-0000-000000000004','04000001-0000-0000-0001-000000000002',4),
    ('04000001-0002-0001-0000-000000000005','04000001-0000-0000-0001-000000000002',5),
    ('04000001-0002-0001-0000-000000000006','04000001-0000-0000-0001-000000000002',6),
    ('04000001-0002-0001-0000-000000000007','04000001-0000-0000-0001-000000000002',7),
    ('04000001-0002-0001-0000-000000000008','04000001-0000-0000-0001-000000000002',8),
    ('04000001-0003-0001-0000-000000000001','04000001-0000-0000-0001-000000000003',1),
    ('04000001-0003-0001-0000-000000000002','04000001-0000-0000-0001-000000000003',2),
    ('04000001-0003-0001-0000-000000000003','04000001-0000-0000-0001-000000000003',3),
    ('04000001-0003-0001-0000-000000000004','04000001-0000-0000-0001-000000000003',4),
    ('04000001-0003-0001-0000-000000000005','04000001-0000-0000-0001-000000000003',5),
    ('04000001-0003-0001-0000-000000000006','04000001-0000-0000-0001-000000000003',6),
    ('04000001-0003-0001-0000-000000000007','04000001-0000-0000-0001-000000000003',7),
    ('04000001-0003-0001-0000-000000000008','04000001-0000-0000-0001-000000000003',8),
    ('04000001-0004-0001-0000-000000000001','04000001-0000-0000-0001-000000000004',1),
    ('04000001-0004-0001-0000-000000000002','04000001-0000-0000-0001-000000000004',2),
    ('04000001-0004-0001-0000-000000000003','04000001-0000-0000-0001-000000000004',3),
    ('04000001-0004-0001-0000-000000000004','04000001-0000-0000-0001-000000000004',4),
    ('04000001-0004-0001-0000-000000000005','04000001-0000-0000-0001-000000000004',5),
    ('04000001-0004-0001-0000-000000000006','04000001-0000-0000-0001-000000000004',6),
    ('04000001-0004-0001-0000-000000000007','04000001-0000-0000-0001-000000000004',7),
    ('04000001-0004-0001-0000-000000000008','04000001-0000-0000-0001-000000000004',8),
    ('04000001-0005-0001-0000-000000000001','04000001-0000-0000-0001-000000000005',1),
    ('04000001-0005-0001-0000-000000000002','04000001-0000-0000-0001-000000000005',2),
    ('04000001-0005-0001-0000-000000000003','04000001-0000-0000-0001-000000000005',3),
    ('04000001-0005-0001-0000-000000000004','04000001-0000-0000-0001-000000000005',4),
    ('04000001-0005-0001-0000-000000000005','04000001-0000-0000-0001-000000000005',5),
    ('04000001-0005-0001-0000-000000000006','04000001-0000-0000-0001-000000000005',6),
    ('04000001-0005-0001-0000-000000000007','04000001-0000-0000-0001-000000000005',7),
    ('04000001-0005-0001-0000-000000000008','04000001-0000-0000-0001-000000000005',8)
  ON CONFLICT DO NOTHING;

  -- ══════════════════════════════════════════════════════════
  -- 🇨🇳 CHINESE COURSE (5 levels × 8 words)
  -- ══════════════════════════════════════════════════════════
  INSERT INTO courses (id, native_lang_id, target_lang_id, title, description, total_xp, is_active)
  VALUES ('24000001-0000-0000-0000-000000000001', tr_id, zh_id,
          'Çince Temelleri', 'Çinceyi sıfırdan öğren', 500, true)
  ON CONFLICT (id) DO NOTHING;

  INSERT INTO levels (id, course_id, order_index, title, description, xp_reward, required_score, is_checkpoint) VALUES
    ('24000001-0000-0000-0001-000000000001','24000001-0000-0000-0000-000000000001',1,'Selamlaşma','Temel Çince selamlaşma',50,60,false),
    ('24000001-0000-0000-0001-000000000002','24000001-0000-0000-0000-000000000001',2,'Sayılar','1-8 arası sayılar',50,60,false),
    ('24000001-0000-0000-0001-000000000003','24000001-0000-0000-0000-000000000001',3,'Renkler','Temel renkler',60,60,true),
    ('24000001-0000-0000-0001-000000000004','24000001-0000-0000-0000-000000000001',4,'Yiyecekler','Temel yiyecekler',70,65,false),
    ('24000001-0000-0000-0001-000000000005','24000001-0000-0000-0000-000000000001',5,'Fiiller','Temel eylemler',80,70,true)
  ON CONFLICT (id) DO NOTHING;

  INSERT INTO words (id, source_lang_id, target_lang_id, term, translation, difficulty) VALUES
    ('24000001-0001-0001-0000-000000000001',tr_id,zh_id,'你好','merhaba',1),
    ('24000001-0001-0001-0000-000000000002',tr_id,zh_id,'谢谢','teşekkürler',1),
    ('24000001-0001-0001-0000-000000000003',tr_id,zh_id,'请','lütfen',1),
    ('24000001-0001-0001-0000-000000000004',tr_id,zh_id,'是','evet',1),
    ('24000001-0001-0001-0000-000000000005',tr_id,zh_id,'不','hayır',1),
    ('24000001-0001-0001-0000-000000000006',tr_id,zh_id,'早上好','günaydın',1),
    ('24000001-0001-0001-0000-000000000007',tr_id,zh_id,'晚上好','iyi akşamlar',1),
    ('24000001-0001-0001-0000-000000000008',tr_id,zh_id,'再见','hoşçakal',1),
    ('24000001-0002-0001-0000-000000000001',tr_id,zh_id,'一','bir',1),
    ('24000001-0002-0001-0000-000000000002',tr_id,zh_id,'二','iki',1),
    ('24000001-0002-0001-0000-000000000003',tr_id,zh_id,'三','üç',1),
    ('24000001-0002-0001-0000-000000000004',tr_id,zh_id,'四','dört',1),
    ('24000001-0002-0001-0000-000000000005',tr_id,zh_id,'五','beş',1),
    ('24000001-0002-0001-0000-000000000006',tr_id,zh_id,'六','altı',1),
    ('24000001-0002-0001-0000-000000000007',tr_id,zh_id,'七','yedi',1),
    ('24000001-0002-0001-0000-000000000008',tr_id,zh_id,'八','sekiz',1),
    ('24000001-0003-0001-0000-000000000001',tr_id,zh_id,'红色','kırmızı',1),
    ('24000001-0003-0001-0000-000000000002',tr_id,zh_id,'蓝色','mavi',1),
    ('24000001-0003-0001-0000-000000000003',tr_id,zh_id,'绿色','yeşil',1),
    ('24000001-0003-0001-0000-000000000004',tr_id,zh_id,'黄色','sarı',1),
    ('24000001-0003-0001-0000-000000000005',tr_id,zh_id,'白色','beyaz',1),
    ('24000001-0003-0001-0000-000000000006',tr_id,zh_id,'黑色','siyah',1),
    ('24000001-0003-0001-0000-000000000007',tr_id,zh_id,'橙色','turuncu',1),
    ('24000001-0003-0001-0000-000000000008',tr_id,zh_id,'粉色','pembe',1),
    ('24000001-0004-0001-0000-000000000001',tr_id,zh_id,'面包','ekmek',2),
    ('24000001-0004-0001-0000-000000000002',tr_id,zh_id,'水','su',2),
    ('24000001-0004-0001-0000-000000000003',tr_id,zh_id,'咖啡','kahve',2),
    ('24000001-0004-0001-0000-000000000004',tr_id,zh_id,'牛奶','süt',2),
    ('24000001-0004-0001-0000-000000000005',tr_id,zh_id,'苹果','elma',2),
    ('24000001-0004-0001-0000-000000000006',tr_id,zh_id,'奶酪','peynir',2),
    ('24000001-0004-0001-0000-000000000007',tr_id,zh_id,'肉','et',2),
    ('24000001-0004-0001-0000-000000000008',tr_id,zh_id,'蔬菜','sebze',2),
    ('24000001-0005-0001-0000-000000000001',tr_id,zh_id,'去','gitmek',2),
    ('24000001-0005-0001-0000-000000000002',tr_id,zh_id,'来','gelmek',2),
    ('24000001-0005-0001-0000-000000000003',tr_id,zh_id,'吃','yemek',2),
    ('24000001-0005-0001-0000-000000000004',tr_id,zh_id,'喝','içmek',2),
    ('24000001-0005-0001-0000-000000000005',tr_id,zh_id,'睡觉','uyumak',2),
    ('24000001-0005-0001-0000-000000000006',tr_id,zh_id,'工作','çalışmak',2),
    ('24000001-0005-0001-0000-000000000007',tr_id,zh_id,'说','konuşmak',2),
    ('24000001-0005-0001-0000-000000000008',tr_id,zh_id,'爱','sevmek',2)
  ON CONFLICT (id) DO NOTHING;

  INSERT INTO word_level_assignments (word_id, level_id, display_order) VALUES
    ('24000001-0001-0001-0000-000000000001','24000001-0000-0000-0001-000000000001',1),
    ('24000001-0001-0001-0000-000000000002','24000001-0000-0000-0001-000000000001',2),
    ('24000001-0001-0001-0000-000000000003','24000001-0000-0000-0001-000000000001',3),
    ('24000001-0001-0001-0000-000000000004','24000001-0000-0000-0001-000000000001',4),
    ('24000001-0001-0001-0000-000000000005','24000001-0000-0000-0001-000000000001',5),
    ('24000001-0001-0001-0000-000000000006','24000001-0000-0000-0001-000000000001',6),
    ('24000001-0001-0001-0000-000000000007','24000001-0000-0000-0001-000000000001',7),
    ('24000001-0001-0001-0000-000000000008','24000001-0000-0000-0001-000000000001',8),
    ('24000001-0002-0001-0000-000000000001','24000001-0000-0000-0001-000000000002',1),
    ('24000001-0002-0001-0000-000000000002','24000001-0000-0000-0001-000000000002',2),
    ('24000001-0002-0001-0000-000000000003','24000001-0000-0000-0001-000000000002',3),
    ('24000001-0002-0001-0000-000000000004','24000001-0000-0000-0001-000000000002',4),
    ('24000001-0002-0001-0000-000000000005','24000001-0000-0000-0001-000000000002',5),
    ('24000001-0002-0001-0000-000000000006','24000001-0000-0000-0001-000000000002',6),
    ('24000001-0002-0001-0000-000000000007','24000001-0000-0000-0001-000000000002',7),
    ('24000001-0002-0001-0000-000000000008','24000001-0000-0000-0001-000000000002',8),
    ('24000001-0003-0001-0000-000000000001','24000001-0000-0000-0001-000000000003',1),
    ('24000001-0003-0001-0000-000000000002','24000001-0000-0000-0001-000000000003',2),
    ('24000001-0003-0001-0000-000000000003','24000001-0000-0000-0001-000000000003',3),
    ('24000001-0003-0001-0000-000000000004','24000001-0000-0000-0001-000000000003',4),
    ('24000001-0003-0001-0000-000000000005','24000001-0000-0000-0001-000000000003',5),
    ('24000001-0003-0001-0000-000000000006','24000001-0000-0000-0001-000000000003',6),
    ('24000001-0003-0001-0000-000000000007','24000001-0000-0000-0001-000000000003',7),
    ('24000001-0003-0001-0000-000000000008','24000001-0000-0000-0001-000000000003',8),
    ('24000001-0004-0001-0000-000000000001','24000001-0000-0000-0001-000000000004',1),
    ('24000001-0004-0001-0000-000000000002','24000001-0000-0000-0001-000000000004',2),
    ('24000001-0004-0001-0000-000000000003','24000001-0000-0000-0001-000000000004',3),
    ('24000001-0004-0001-0000-000000000004','24000001-0000-0000-0001-000000000004',4),
    ('24000001-0004-0001-0000-000000000005','24000001-0000-0000-0001-000000000004',5),
    ('24000001-0004-0001-0000-000000000006','24000001-0000-0000-0001-000000000004',6),
    ('24000001-0004-0001-0000-000000000007','24000001-0000-0000-0001-000000000004',7),
    ('24000001-0004-0001-0000-000000000008','24000001-0000-0000-0001-000000000004',8),
    ('24000001-0005-0001-0000-000000000001','24000001-0000-0000-0001-000000000005',1),
    ('24000001-0005-0001-0000-000000000002','24000001-0000-0000-0001-000000000005',2),
    ('24000001-0005-0001-0000-000000000003','24000001-0000-0000-0001-000000000005',3),
    ('24000001-0005-0001-0000-000000000004','24000001-0000-0000-0001-000000000005',4),
    ('24000001-0005-0001-0000-000000000005','24000001-0000-0000-0001-000000000005',5),
    ('24000001-0005-0001-0000-000000000006','24000001-0000-0000-0001-000000000005',6),
    ('24000001-0005-0001-0000-000000000007','24000001-0000-0000-0001-000000000005',7),
    ('24000001-0005-0001-0000-000000000008','24000001-0000-0000-0001-000000000005',8)
  ON CONFLICT DO NOTHING;

END $$;

-- ══════════════════════════════════════════════════════════
-- STEP 3: Fix progressive unlocking
-- enrollWithProficiency should only unlock the FIRST level.
-- This function is called from the iOS app.
-- Replace existing enroll_with_proficiency if it unlocks too many.
-- ══════════════════════════════════════════════════════════
CREATE OR REPLACE FUNCTION enroll_with_proficiency(
  p_user_id    UUID,
  p_course_id  UUID,
  p_proficiency INT  -- 0=beginner … 4=advanced (kept for future use)
)
RETURNS VOID
LANGUAGE plpgsql
SECURITY DEFINER
AS $$
DECLARE
  v_first_level_id UUID;
BEGIN
  -- Find the very first level (order_index = 1) for this course
  SELECT id INTO v_first_level_id
  FROM levels
  WHERE course_id = p_course_id
  ORDER BY order_index ASC
  LIMIT 1;

  IF v_first_level_id IS NULL THEN
    RETURN;  -- No levels found, nothing to unlock
  END IF;

  -- Unlock ONLY the first level regardless of proficiency
  -- (proficiency can affect quiz difficulty in future, not level count)
  INSERT INTO user_progress (user_id, level_id, status, best_score, attempts, xp_earned, stars)
  VALUES (p_user_id, v_first_level_id, 'unlocked', 0, 0, 0, 0)
  ON CONFLICT (user_id, level_id)
  DO UPDATE SET status = CASE
    WHEN user_progress.status = 'locked' THEN 'unlocked'
    ELSE user_progress.status   -- don't downgrade in_progress/completed
  END;
END;
$$;

-- Grant execute to both anon and authenticated
GRANT EXECUTE ON FUNCTION enroll_with_proficiency(UUID, UUID, INT) TO anon;
GRANT EXECUTE ON FUNCTION enroll_with_proficiency(UUID, UUID, INT) TO authenticated;
