-- ============================================================
-- Migration: Extend DE, ES, IT, RU, ZH courses to 10 levels
-- Each language gets 5 new levels: Animals, Travel, Shopping,
-- Health, Technology (mirroring the EN course structure)
-- 5 languages × 5 levels × 8 words = 200 new words
-- ============================================================

-- ============================================================
-- GERMAN (DE) — course: de000001-0000-0000-0000-000000000001
-- target_lang_id: 5, source_lang_id: 28 (TR)
-- ============================================================

-- Levels 6–10 for DE
INSERT INTO levels (id, course_id, order_index, title, description, xp_reward, required_score, icon_name, is_checkpoint) VALUES
('de000001-0000-0000-0001-000000000006','de000001-0000-0000-0000-000000000001',6,'Hayvanlar','Yaygın hayvanlar',70,65,'pawprint.fill',false),
('de000001-0000-0000-0001-000000000007','de000001-0000-0000-0000-000000000001',7,'Seyahat','Seyahat kelimeleri',80,70,'airplane',true),
('de000001-0000-0000-0001-000000000008','de000001-0000-0000-0000-000000000001',8,'Alışveriş','Alışveriş ifadeleri',80,70,'bag.fill',false),
('de000001-0000-0000-0001-000000000009','de000001-0000-0000-0000-000000000001',9,'Sağlık','Sağlık ve hastane',90,75,'cross.fill',false),
('de000001-0000-0000-0001-00000000000a','de000001-0000-0000-0000-000000000001',10,'Teknoloji','Dijital dünya',100,75,'laptopcomputer',true);

-- Words for DE Level 6 (Hayvanlar)
INSERT INTO words (id, source_lang_id, target_lang_id, term, translation, difficulty) VALUES
('de000001-0006-0001-0000-000000000001',28,5,'Köpek','Hund',2),
('de000001-0006-0001-0000-000000000002',28,5,'Kedi','Katze',2),
('de000001-0006-0001-0000-000000000003',28,5,'Kuş','Vogel',2),
('de000001-0006-0001-0000-000000000004',28,5,'Balık','Fisch',2),
('de000001-0006-0001-0000-000000000005',28,5,'At','Pferd',2),
('de000001-0006-0001-0000-000000000006',28,5,'Ayı','Bär',2),
('de000001-0006-0001-0000-000000000007',28,5,'Aslan','Löwe',2),
('de000001-0006-0001-0000-000000000008',28,5,'Hayvan','Tier',1);

-- Words for DE Level 7 (Seyahat)
INSERT INTO words (id, source_lang_id, target_lang_id, term, translation, difficulty) VALUES
('de000001-0007-0001-0000-000000000001',28,5,'Havalimanı','Flughafen',2),
('de000001-0007-0001-0000-000000000002',28,5,'Otel','Hotel',1),
('de000001-0007-0001-0000-000000000003',28,5,'Tren','Zug',2),
('de000001-0007-0001-0000-000000000004',28,5,'Otobüs','Bus',1),
('de000001-0007-0001-0000-000000000005',28,5,'Pasaport','Reisepass',2),
('de000001-0007-0001-0000-000000000006',28,5,'Bilet','Ticket',1),
('de000001-0007-0001-0000-000000000007',28,5,'Harita','Karte',2),
('de000001-0007-0001-0000-000000000008',28,5,'Bavul','Koffer',2);

-- Words for DE Level 8 (Alışveriş)
INSERT INTO words (id, source_lang_id, target_lang_id, term, translation, difficulty) VALUES
('de000001-0008-0001-0000-000000000001',28,5,'Satın almak','Kaufen',2),
('de000001-0008-0001-0000-000000000002',28,5,'Satmak','Verkaufen',2),
('de000001-0008-0001-0000-000000000003',28,5,'Fiyat','Preis',2),
('de000001-0008-0001-0000-000000000004',28,5,'Pazar','Markt',2),
('de000001-0008-0001-0000-000000000005',28,5,'Mağaza','Laden',2),
('de000001-0008-0001-0000-000000000006',28,5,'Pahalı','Teuer',2),
('de000001-0008-0001-0000-000000000007',28,5,'Ucuz','Günstig',2),
('de000001-0008-0001-0000-000000000008',28,5,'Para','Geld',1);

-- Words for DE Level 9 (Sağlık)
INSERT INTO words (id, source_lang_id, target_lang_id, term, translation, difficulty) VALUES
('de000001-0009-0001-0000-000000000001',28,5,'Doktor','Arzt',2),
('de000001-0009-0001-0000-000000000002',28,5,'Hastane','Krankenhaus',2),
('de000001-0009-0001-0000-000000000003',28,5,'İlaç','Medikament',2),
('de000001-0009-0001-0000-000000000004',28,5,'Hasta','Krank',2),
('de000001-0009-0001-0000-000000000005',28,5,'Sağlıklı','Gesund',2),
('de000001-0009-0001-0000-000000000006',28,5,'Baş ağrısı','Kopfschmerzen',3),
('de000001-0009-0001-0000-000000000007',28,5,'Ateş','Fieber',2),
('de000001-0009-0001-0000-000000000008',28,5,'Eczane','Apotheke',2);

-- Words for DE Level 10 (Teknoloji)
INSERT INTO words (id, source_lang_id, target_lang_id, term, translation, difficulty) VALUES
('de000001-000a-0001-0000-000000000001',28,5,'Telefon','Telefon',1),
('de000001-000a-0001-0000-000000000002',28,5,'Bilgisayar','Computer',1),
('de000001-000a-0001-0000-000000000003',28,5,'İnternet','Internet',1),
('de000001-000a-0001-0000-000000000004',28,5,'Uygulama','App',1),
('de000001-000a-0001-0000-000000000005',28,5,'Şifre','Passwort',2),
('de000001-000a-0001-0000-000000000006',28,5,'E-posta','E-Mail',1),
('de000001-000a-0001-0000-000000000007',28,5,'Şarj etmek','Aufladen',2),
('de000001-000a-0001-0000-000000000008',28,5,'Ekran','Bildschirm',2);

-- Word-Level Assignments for DE Levels 6–10
INSERT INTO word_level_assignments (level_id, word_id, display_order) VALUES
('de000001-0000-0000-0001-000000000006','de000001-0006-0001-0000-000000000001',1),
('de000001-0000-0000-0001-000000000006','de000001-0006-0001-0000-000000000002',2),
('de000001-0000-0000-0001-000000000006','de000001-0006-0001-0000-000000000003',3),
('de000001-0000-0000-0001-000000000006','de000001-0006-0001-0000-000000000004',4),
('de000001-0000-0000-0001-000000000006','de000001-0006-0001-0000-000000000005',5),
('de000001-0000-0000-0001-000000000006','de000001-0006-0001-0000-000000000006',6),
('de000001-0000-0000-0001-000000000006','de000001-0006-0001-0000-000000000007',7),
('de000001-0000-0000-0001-000000000006','de000001-0006-0001-0000-000000000008',8),
('de000001-0000-0000-0001-000000000007','de000001-0007-0001-0000-000000000001',1),
('de000001-0000-0000-0001-000000000007','de000001-0007-0001-0000-000000000002',2),
('de000001-0000-0000-0001-000000000007','de000001-0007-0001-0000-000000000003',3),
('de000001-0000-0000-0001-000000000007','de000001-0007-0001-0000-000000000004',4),
('de000001-0000-0000-0001-000000000007','de000001-0007-0001-0000-000000000005',5),
('de000001-0000-0000-0001-000000000007','de000001-0007-0001-0000-000000000006',6),
('de000001-0000-0000-0001-000000000007','de000001-0007-0001-0000-000000000007',7),
('de000001-0000-0000-0001-000000000007','de000001-0007-0001-0000-000000000008',8),
('de000001-0000-0000-0001-000000000008','de000001-0008-0001-0000-000000000001',1),
('de000001-0000-0000-0001-000000000008','de000001-0008-0001-0000-000000000002',2),
('de000001-0000-0000-0001-000000000008','de000001-0008-0001-0000-000000000003',3),
('de000001-0000-0000-0001-000000000008','de000001-0008-0001-0000-000000000004',4),
('de000001-0000-0000-0001-000000000008','de000001-0008-0001-0000-000000000005',5),
('de000001-0000-0000-0001-000000000008','de000001-0008-0001-0000-000000000006',6),
('de000001-0000-0000-0001-000000000008','de000001-0008-0001-0000-000000000007',7),
('de000001-0000-0000-0001-000000000008','de000001-0008-0001-0000-000000000008',8),
('de000001-0000-0000-0001-000000000009','de000001-0009-0001-0000-000000000001',1),
('de000001-0000-0000-0001-000000000009','de000001-0009-0001-0000-000000000002',2),
('de000001-0000-0000-0001-000000000009','de000001-0009-0001-0000-000000000003',3),
('de000001-0000-0000-0001-000000000009','de000001-0009-0001-0000-000000000004',4),
('de000001-0000-0000-0001-000000000009','de000001-0009-0001-0000-000000000005',5),
('de000001-0000-0000-0001-000000000009','de000001-0009-0001-0000-000000000006',6),
('de000001-0000-0000-0001-000000000009','de000001-0009-0001-0000-000000000007',7),
('de000001-0000-0000-0001-000000000009','de000001-0009-0001-0000-000000000008',8),
('de000001-0000-0000-0001-00000000000a','de000001-000a-0001-0000-000000000001',1),
('de000001-0000-0000-0001-00000000000a','de000001-000a-0001-0000-000000000002',2),
('de000001-0000-0000-0001-00000000000a','de000001-000a-0001-0000-000000000003',3),
('de000001-0000-0000-0001-00000000000a','de000001-000a-0001-0000-000000000004',4),
('de000001-0000-0000-0001-00000000000a','de000001-000a-0001-0000-000000000005',5),
('de000001-0000-0000-0001-00000000000a','de000001-000a-0001-0000-000000000006',6),
('de000001-0000-0000-0001-00000000000a','de000001-000a-0001-0000-000000000007',7),
('de000001-0000-0000-0001-00000000000a','de000001-000a-0001-0000-000000000008',8);


-- ============================================================
-- SPANISH (ES) — course: e5000001-0000-0000-0000-000000000001
-- target_lang_id: 8, source_lang_id: 28 (TR)
-- ============================================================

INSERT INTO levels (id, course_id, order_index, title, description, xp_reward, required_score, icon_name, is_checkpoint) VALUES
('e5000001-0000-0000-0001-000000000006','e5000001-0000-0000-0000-000000000001',6,'Hayvanlar','Yaygın hayvanlar',70,65,'pawprint.fill',false),
('e5000001-0000-0000-0001-000000000007','e5000001-0000-0000-0000-000000000001',7,'Seyahat','Seyahat kelimeleri',80,70,'airplane',true),
('e5000001-0000-0000-0001-000000000008','e5000001-0000-0000-0000-000000000001',8,'Alışveriş','Alışveriş ifadeleri',80,70,'bag.fill',false),
('e5000001-0000-0000-0001-000000000009','e5000001-0000-0000-0000-000000000001',9,'Sağlık','Sağlık ve hastane',90,75,'cross.fill',false),
('e5000001-0000-0000-0001-00000000000a','e5000001-0000-0000-0000-000000000001',10,'Teknoloji','Dijital dünya',100,75,'laptopcomputer',true);

-- Words for ES Level 6 (Hayvanlar)
INSERT INTO words (id, source_lang_id, target_lang_id, term, translation, difficulty) VALUES
('e5000001-0006-0001-0000-000000000001',28,8,'Köpek','Perro',2),
('e5000001-0006-0001-0000-000000000002',28,8,'Kedi','Gato',2),
('e5000001-0006-0001-0000-000000000003',28,8,'Kuş','Pájaro',2),
('e5000001-0006-0001-0000-000000000004',28,8,'Balık','Pez',2),
('e5000001-0006-0001-0000-000000000005',28,8,'At','Caballo',2),
('e5000001-0006-0001-0000-000000000006',28,8,'Ayı','Oso',2),
('e5000001-0006-0001-0000-000000000007',28,8,'Aslan','León',2),
('e5000001-0006-0001-0000-000000000008',28,8,'Hayvan','Animal',1);

-- Words for ES Level 7 (Seyahat)
INSERT INTO words (id, source_lang_id, target_lang_id, term, translation, difficulty) VALUES
('e5000001-0007-0001-0000-000000000001',28,8,'Havalimanı','Aeropuerto',2),
('e5000001-0007-0001-0000-000000000002',28,8,'Otel','Hotel',1),
('e5000001-0007-0001-0000-000000000003',28,8,'Tren','Tren',1),
('e5000001-0007-0001-0000-000000000004',28,8,'Otobüs','Autobús',2),
('e5000001-0007-0001-0000-000000000005',28,8,'Pasaport','Pasaporte',2),
('e5000001-0007-0001-0000-000000000006',28,8,'Bilet','Billete',2),
('e5000001-0007-0001-0000-000000000007',28,8,'Harita','Mapa',1),
('e5000001-0007-0001-0000-000000000008',28,8,'Bavul','Maleta',2);

-- Words for ES Level 8 (Alışveriş)
INSERT INTO words (id, source_lang_id, target_lang_id, term, translation, difficulty) VALUES
('e5000001-0008-0001-0000-000000000001',28,8,'Satın almak','Comprar',2),
('e5000001-0008-0001-0000-000000000002',28,8,'Satmak','Vender',2),
('e5000001-0008-0001-0000-000000000003',28,8,'Fiyat','Precio',2),
('e5000001-0008-0001-0000-000000000004',28,8,'Pazar','Mercado',2),
('e5000001-0008-0001-0000-000000000005',28,8,'Mağaza','Tienda',2),
('e5000001-0008-0001-0000-000000000006',28,8,'Pahalı','Caro',2),
('e5000001-0008-0001-0000-000000000007',28,8,'Ucuz','Barato',2),
('e5000001-0008-0001-0000-000000000008',28,8,'Para','Dinero',1);

-- Words for ES Level 9 (Sağlık)
INSERT INTO words (id, source_lang_id, target_lang_id, term, translation, difficulty) VALUES
('e5000001-0009-0001-0000-000000000001',28,8,'Doktor','Médico',2),
('e5000001-0009-0001-0000-000000000002',28,8,'Hastane','Hospital',2),
('e5000001-0009-0001-0000-000000000003',28,8,'İlaç','Medicina',2),
('e5000001-0009-0001-0000-000000000004',28,8,'Hasta','Enfermo',2),
('e5000001-0009-0001-0000-000000000005',28,8,'Sağlıklı','Sano',2),
('e5000001-0009-0001-0000-000000000006',28,8,'Baş ağrısı','Dolor de cabeza',3),
('e5000001-0009-0001-0000-000000000007',28,8,'Ateş','Fiebre',2),
('e5000001-0009-0001-0000-000000000008',28,8,'Eczane','Farmacia',2);

-- Words for ES Level 10 (Teknoloji)
INSERT INTO words (id, source_lang_id, target_lang_id, term, translation, difficulty) VALUES
('e5000001-000a-0001-0000-000000000001',28,8,'Telefon','Teléfono',1),
('e5000001-000a-0001-0000-000000000002',28,8,'Bilgisayar','Computadora',1),
('e5000001-000a-0001-0000-000000000003',28,8,'İnternet','Internet',1),
('e5000001-000a-0001-0000-000000000004',28,8,'Uygulama','Aplicación',2),
('e5000001-000a-0001-0000-000000000005',28,8,'Şifre','Contraseña',2),
('e5000001-000a-0001-0000-000000000006',28,8,'E-posta','Correo electrónico',2),
('e5000001-000a-0001-0000-000000000007',28,8,'Şarj etmek','Cargar',2),
('e5000001-000a-0001-0000-000000000008',28,8,'Ekran','Pantalla',2);

-- Word-Level Assignments for ES Levels 6–10
INSERT INTO word_level_assignments (level_id, word_id, display_order) VALUES
('e5000001-0000-0000-0001-000000000006','e5000001-0006-0001-0000-000000000001',1),
('e5000001-0000-0000-0001-000000000006','e5000001-0006-0001-0000-000000000002',2),
('e5000001-0000-0000-0001-000000000006','e5000001-0006-0001-0000-000000000003',3),
('e5000001-0000-0000-0001-000000000006','e5000001-0006-0001-0000-000000000004',4),
('e5000001-0000-0000-0001-000000000006','e5000001-0006-0001-0000-000000000005',5),
('e5000001-0000-0000-0001-000000000006','e5000001-0006-0001-0000-000000000006',6),
('e5000001-0000-0000-0001-000000000006','e5000001-0006-0001-0000-000000000007',7),
('e5000001-0000-0000-0001-000000000006','e5000001-0006-0001-0000-000000000008',8),
('e5000001-0000-0000-0001-000000000007','e5000001-0007-0001-0000-000000000001',1),
('e5000001-0000-0000-0001-000000000007','e5000001-0007-0001-0000-000000000002',2),
('e5000001-0000-0000-0001-000000000007','e5000001-0007-0001-0000-000000000003',3),
('e5000001-0000-0000-0001-000000000007','e5000001-0007-0001-0000-000000000004',4),
('e5000001-0000-0000-0001-000000000007','e5000001-0007-0001-0000-000000000005',5),
('e5000001-0000-0000-0001-000000000007','e5000001-0007-0001-0000-000000000006',6),
('e5000001-0000-0000-0001-000000000007','e5000001-0007-0001-0000-000000000007',7),
('e5000001-0000-0000-0001-000000000007','e5000001-0007-0001-0000-000000000008',8),
('e5000001-0000-0000-0001-000000000008','e5000001-0008-0001-0000-000000000001',1),
('e5000001-0000-0000-0001-000000000008','e5000001-0008-0001-0000-000000000002',2),
('e5000001-0000-0000-0001-000000000008','e5000001-0008-0001-0000-000000000003',3),
('e5000001-0000-0000-0001-000000000008','e5000001-0008-0001-0000-000000000004',4),
('e5000001-0000-0000-0001-000000000008','e5000001-0008-0001-0000-000000000005',5),
('e5000001-0000-0000-0001-000000000008','e5000001-0008-0001-0000-000000000006',6),
('e5000001-0000-0000-0001-000000000008','e5000001-0008-0001-0000-000000000007',7),
('e5000001-0000-0000-0001-000000000008','e5000001-0008-0001-0000-000000000008',8),
('e5000001-0000-0000-0001-000000000009','e5000001-0009-0001-0000-000000000001',1),
('e5000001-0000-0000-0001-000000000009','e5000001-0009-0001-0000-000000000002',2),
('e5000001-0000-0000-0001-000000000009','e5000001-0009-0001-0000-000000000003',3),
('e5000001-0000-0000-0001-000000000009','e5000001-0009-0001-0000-000000000004',4),
('e5000001-0000-0000-0001-000000000009','e5000001-0009-0001-0000-000000000005',5),
('e5000001-0000-0000-0001-000000000009','e5000001-0009-0001-0000-000000000006',6),
('e5000001-0000-0000-0001-000000000009','e5000001-0009-0001-0000-000000000007',7),
('e5000001-0000-0000-0001-000000000009','e5000001-0009-0001-0000-000000000008',8),
('e5000001-0000-0000-0001-00000000000a','e5000001-000a-0001-0000-000000000001',1),
('e5000001-0000-0000-0001-00000000000a','e5000001-000a-0001-0000-000000000002',2),
('e5000001-0000-0000-0001-00000000000a','e5000001-000a-0001-0000-000000000003',3),
('e5000001-0000-0000-0001-00000000000a','e5000001-000a-0001-0000-000000000004',4),
('e5000001-0000-0000-0001-00000000000a','e5000001-000a-0001-0000-000000000005',5),
('e5000001-0000-0000-0001-00000000000a','e5000001-000a-0001-0000-000000000006',6),
('e5000001-0000-0000-0001-00000000000a','e5000001-000a-0001-0000-000000000007',7),
('e5000001-0000-0000-0001-00000000000a','e5000001-000a-0001-0000-000000000008',8);


-- ============================================================
-- ITALIAN (IT) — course: 17000001-0000-0000-0000-000000000001
-- target_lang_id: 14, source_lang_id: 28 (TR)
-- ============================================================

INSERT INTO levels (id, course_id, order_index, title, description, xp_reward, required_score, icon_name, is_checkpoint) VALUES
('17000001-0000-0000-0001-000000000006','17000001-0000-0000-0000-000000000001',6,'Hayvanlar','Yaygın hayvanlar',70,65,'pawprint.fill',false),
('17000001-0000-0000-0001-000000000007','17000001-0000-0000-0000-000000000001',7,'Seyahat','Seyahat kelimeleri',80,70,'airplane',true),
('17000001-0000-0000-0001-000000000008','17000001-0000-0000-0000-000000000001',8,'Alışveriş','Alışveriş ifadeleri',80,70,'bag.fill',false),
('17000001-0000-0000-0001-000000000009','17000001-0000-0000-0000-000000000001',9,'Sağlık','Sağlık ve hastane',90,75,'cross.fill',false),
('17000001-0000-0000-0001-00000000000a','17000001-0000-0000-0000-000000000001',10,'Teknoloji','Dijital dünya',100,75,'laptopcomputer',true);

-- Words for IT Level 6 (Hayvanlar)
INSERT INTO words (id, source_lang_id, target_lang_id, term, translation, difficulty) VALUES
('17000001-0006-0001-0000-000000000001',28,14,'Köpek','Cane',2),
('17000001-0006-0001-0000-000000000002',28,14,'Kedi','Gatto',2),
('17000001-0006-0001-0000-000000000003',28,14,'Kuş','Uccello',2),
('17000001-0006-0001-0000-000000000004',28,14,'Balık','Pesce',2),
('17000001-0006-0001-0000-000000000005',28,14,'At','Cavallo',2),
('17000001-0006-0001-0000-000000000006',28,14,'Ayı','Orso',2),
('17000001-0006-0001-0000-000000000007',28,14,'Aslan','Leone',2),
('17000001-0006-0001-0000-000000000008',28,14,'Hayvan','Animale',1);

-- Words for IT Level 7 (Seyahat)
INSERT INTO words (id, source_lang_id, target_lang_id, term, translation, difficulty) VALUES
('17000001-0007-0001-0000-000000000001',28,14,'Havalimanı','Aeroporto',2),
('17000001-0007-0001-0000-000000000002',28,14,'Otel','Albergo',2),
('17000001-0007-0001-0000-000000000003',28,14,'Tren','Treno',1),
('17000001-0007-0001-0000-000000000004',28,14,'Otobüs','Autobus',1),
('17000001-0007-0001-0000-000000000005',28,14,'Pasaport','Passaporto',2),
('17000001-0007-0001-0000-000000000006',28,14,'Bilet','Biglietto',2),
('17000001-0007-0001-0000-000000000007',28,14,'Harita','Mappa',2),
('17000001-0007-0001-0000-000000000008',28,14,'Bavul','Valigia',2);

-- Words for IT Level 8 (Alışveriş)
INSERT INTO words (id, source_lang_id, target_lang_id, term, translation, difficulty) VALUES
('17000001-0008-0001-0000-000000000001',28,14,'Satın almak','Comprare',2),
('17000001-0008-0001-0000-000000000002',28,14,'Satmak','Vendere',2),
('17000001-0008-0001-0000-000000000003',28,14,'Fiyat','Prezzo',2),
('17000001-0008-0001-0000-000000000004',28,14,'Pazar','Mercato',2),
('17000001-0008-0001-0000-000000000005',28,14,'Mağaza','Negozio',2),
('17000001-0008-0001-0000-000000000006',28,14,'Pahalı','Caro',2),
('17000001-0008-0001-0000-000000000007',28,14,'Ucuz','Economico',2),
('17000001-0008-0001-0000-000000000008',28,14,'Para','Soldi',2);

-- Words for IT Level 9 (Sağlık)
INSERT INTO words (id, source_lang_id, target_lang_id, term, translation, difficulty) VALUES
('17000001-0009-0001-0000-000000000001',28,14,'Doktor','Medico',2),
('17000001-0009-0001-0000-000000000002',28,14,'Hastane','Ospedale',2),
('17000001-0009-0001-0000-000000000003',28,14,'İlaç','Medicina',2),
('17000001-0009-0001-0000-000000000004',28,14,'Hasta','Malato',2),
('17000001-0009-0001-0000-000000000005',28,14,'Sağlıklı','Sano',2),
('17000001-0009-0001-0000-000000000006',28,14,'Baş ağrısı','Mal di testa',3),
('17000001-0009-0001-0000-000000000007',28,14,'Ateş','Febbre',2),
('17000001-0009-0001-0000-000000000008',28,14,'Eczane','Farmacia',2);

-- Words for IT Level 10 (Teknoloji)
INSERT INTO words (id, source_lang_id, target_lang_id, term, translation, difficulty) VALUES
('17000001-000a-0001-0000-000000000001',28,14,'Telefon','Telefono',1),
('17000001-000a-0001-0000-000000000002',28,14,'Bilgisayar','Computer',1),
('17000001-000a-0001-0000-000000000003',28,14,'İnternet','Internet',1),
('17000001-000a-0001-0000-000000000004',28,14,'Uygulama','App',1),
('17000001-000a-0001-0000-000000000005',28,14,'Şifre','Password',2),
('17000001-000a-0001-0000-000000000006',28,14,'E-posta','Email',1),
('17000001-000a-0001-0000-000000000007',28,14,'Şarj etmek','Caricare',2),
('17000001-000a-0001-0000-000000000008',28,14,'Ekran','Schermo',2);

-- Word-Level Assignments for IT Levels 6–10
INSERT INTO word_level_assignments (level_id, word_id, display_order) VALUES
('17000001-0000-0000-0001-000000000006','17000001-0006-0001-0000-000000000001',1),
('17000001-0000-0000-0001-000000000006','17000001-0006-0001-0000-000000000002',2),
('17000001-0000-0000-0001-000000000006','17000001-0006-0001-0000-000000000003',3),
('17000001-0000-0000-0001-000000000006','17000001-0006-0001-0000-000000000004',4),
('17000001-0000-0000-0001-000000000006','17000001-0006-0001-0000-000000000005',5),
('17000001-0000-0000-0001-000000000006','17000001-0006-0001-0000-000000000006',6),
('17000001-0000-0000-0001-000000000006','17000001-0006-0001-0000-000000000007',7),
('17000001-0000-0000-0001-000000000006','17000001-0006-0001-0000-000000000008',8),
('17000001-0000-0000-0001-000000000007','17000001-0007-0001-0000-000000000001',1),
('17000001-0000-0000-0001-000000000007','17000001-0007-0001-0000-000000000002',2),
('17000001-0000-0000-0001-000000000007','17000001-0007-0001-0000-000000000003',3),
('17000001-0000-0000-0001-000000000007','17000001-0007-0001-0000-000000000004',4),
('17000001-0000-0000-0001-000000000007','17000001-0007-0001-0000-000000000005',5),
('17000001-0000-0000-0001-000000000007','17000001-0007-0001-0000-000000000006',6),
('17000001-0000-0000-0001-000000000007','17000001-0007-0001-0000-000000000007',7),
('17000001-0000-0000-0001-000000000007','17000001-0007-0001-0000-000000000008',8),
('17000001-0000-0000-0001-000000000008','17000001-0008-0001-0000-000000000001',1),
('17000001-0000-0000-0001-000000000008','17000001-0008-0001-0000-000000000002',2),
('17000001-0000-0000-0001-000000000008','17000001-0008-0001-0000-000000000003',3),
('17000001-0000-0000-0001-000000000008','17000001-0008-0001-0000-000000000004',4),
('17000001-0000-0000-0001-000000000008','17000001-0008-0001-0000-000000000005',5),
('17000001-0000-0000-0001-000000000008','17000001-0008-0001-0000-000000000006',6),
('17000001-0000-0000-0001-000000000008','17000001-0008-0001-0000-000000000007',7),
('17000001-0000-0000-0001-000000000008','17000001-0008-0001-0000-000000000008',8),
('17000001-0000-0000-0001-000000000009','17000001-0009-0001-0000-000000000001',1),
('17000001-0000-0000-0001-000000000009','17000001-0009-0001-0000-000000000002',2),
('17000001-0000-0000-0001-000000000009','17000001-0009-0001-0000-000000000003',3),
('17000001-0000-0000-0001-000000000009','17000001-0009-0001-0000-000000000004',4),
('17000001-0000-0000-0001-000000000009','17000001-0009-0001-0000-000000000005',5),
('17000001-0000-0000-0001-000000000009','17000001-0009-0001-0000-000000000006',6),
('17000001-0000-0000-0001-000000000009','17000001-0009-0001-0000-000000000007',7),
('17000001-0000-0000-0001-000000000009','17000001-0009-0001-0000-000000000008',8),
('17000001-0000-0000-0001-00000000000a','17000001-000a-0001-0000-000000000001',1),
('17000001-0000-0000-0001-00000000000a','17000001-000a-0001-0000-000000000002',2),
('17000001-0000-0000-0001-00000000000a','17000001-000a-0001-0000-000000000003',3),
('17000001-0000-0000-0001-00000000000a','17000001-000a-0001-0000-000000000004',4),
('17000001-0000-0000-0001-00000000000a','17000001-000a-0001-0000-000000000005',5),
('17000001-0000-0000-0001-00000000000a','17000001-000a-0001-0000-000000000006',6),
('17000001-0000-0000-0001-00000000000a','17000001-000a-0001-0000-000000000007',7),
('17000001-0000-0000-0001-00000000000a','17000001-000a-0001-0000-000000000008',8);


-- ============================================================
-- RUSSIAN (RU) — course: 04000001-0000-0000-0000-000000000001
-- target_lang_id: 24, source_lang_id: 28 (TR)
-- ============================================================

INSERT INTO levels (id, course_id, order_index, title, description, xp_reward, required_score, icon_name, is_checkpoint) VALUES
('04000001-0000-0000-0001-000000000006','04000001-0000-0000-0000-000000000001',6,'Hayvanlar','Yaygın hayvanlar',70,65,'pawprint.fill',false),
('04000001-0000-0000-0001-000000000007','04000001-0000-0000-0000-000000000001',7,'Seyahat','Seyahat kelimeleri',80,70,'airplane',true),
('04000001-0000-0000-0001-000000000008','04000001-0000-0000-0000-000000000001',8,'Alışveriş','Alışveriş ifadeleri',80,70,'bag.fill',false),
('04000001-0000-0000-0001-000000000009','04000001-0000-0000-0000-000000000001',9,'Sağlık','Sağlık ve hastane',90,75,'cross.fill',false),
('04000001-0000-0000-0001-00000000000a','04000001-0000-0000-0000-000000000001',10,'Teknoloji','Dijital dünya',100,75,'laptopcomputer',true);

-- Words for RU Level 6 (Hayvanlar)
INSERT INTO words (id, source_lang_id, target_lang_id, term, translation, difficulty) VALUES
('04000001-0006-0001-0000-000000000001',28,24,'Köpek','Собака',2),
('04000001-0006-0001-0000-000000000002',28,24,'Kedi','Кошка',2),
('04000001-0006-0001-0000-000000000003',28,24,'Kuş','Птица',2),
('04000001-0006-0001-0000-000000000004',28,24,'Balık','Рыба',2),
('04000001-0006-0001-0000-000000000005',28,24,'At','Лошадь',2),
('04000001-0006-0001-0000-000000000006',28,24,'Ayı','Медведь',2),
('04000001-0006-0001-0000-000000000007',28,24,'Aslan','Лев',2),
('04000001-0006-0001-0000-000000000008',28,24,'Hayvan','Животное',1);

-- Words for RU Level 7 (Seyahat)
INSERT INTO words (id, source_lang_id, target_lang_id, term, translation, difficulty) VALUES
('04000001-0007-0001-0000-000000000001',28,24,'Havalimanı','Аэропорт',2),
('04000001-0007-0001-0000-000000000002',28,24,'Otel','Отель',1),
('04000001-0007-0001-0000-000000000003',28,24,'Tren','Поезд',2),
('04000001-0007-0001-0000-000000000004',28,24,'Otobüs','Автобус',1),
('04000001-0007-0001-0000-000000000005',28,24,'Pasaport','Паспорт',2),
('04000001-0007-0001-0000-000000000006',28,24,'Bilet','Билет',2),
('04000001-0007-0001-0000-000000000007',28,24,'Harita','Карта',2),
('04000001-0007-0001-0000-000000000008',28,24,'Bavul','Чемодан',2);

-- Words for RU Level 8 (Alışveriş)
INSERT INTO words (id, source_lang_id, target_lang_id, term, translation, difficulty) VALUES
('04000001-0008-0001-0000-000000000001',28,24,'Satın almak','Купить',2),
('04000001-0008-0001-0000-000000000002',28,24,'Satmak','Продать',2),
('04000001-0008-0001-0000-000000000003',28,24,'Fiyat','Цена',2),
('04000001-0008-0001-0000-000000000004',28,24,'Pazar','Рынок',2),
('04000001-0008-0001-0000-000000000005',28,24,'Mağaza','Магазин',2),
('04000001-0008-0001-0000-000000000006',28,24,'Pahalı','Дорогой',2),
('04000001-0008-0001-0000-000000000007',28,24,'Ucuz','Дешёвый',2),
('04000001-0008-0001-0000-000000000008',28,24,'Para','Деньги',1);

-- Words for RU Level 9 (Sağlık)
INSERT INTO words (id, source_lang_id, target_lang_id, term, translation, difficulty) VALUES
('04000001-0009-0001-0000-000000000001',28,24,'Doktor','Врач',2),
('04000001-0009-0001-0000-000000000002',28,24,'Hastane','Больница',2),
('04000001-0009-0001-0000-000000000003',28,24,'İlaç','Лекарство',2),
('04000001-0009-0001-0000-000000000004',28,24,'Hasta','Больной',2),
('04000001-0009-0001-0000-000000000005',28,24,'Sağlıklı','Здоровый',2),
('04000001-0009-0001-0000-000000000006',28,24,'Baş ağrısı','Головная боль',3),
('04000001-0009-0001-0000-000000000007',28,24,'Ateş','Температура',2),
('04000001-0009-0001-0000-000000000008',28,24,'Eczane','Аптека',2);

-- Words for RU Level 10 (Teknoloji)
INSERT INTO words (id, source_lang_id, target_lang_id, term, translation, difficulty) VALUES
('04000001-000a-0001-0000-000000000001',28,24,'Telefon','Телефон',1),
('04000001-000a-0001-0000-000000000002',28,24,'Bilgisayar','Компьютер',1),
('04000001-000a-0001-0000-000000000003',28,24,'İnternet','Интернет',1),
('04000001-000a-0001-0000-000000000004',28,24,'Uygulama','Приложение',2),
('04000001-000a-0001-0000-000000000005',28,24,'Şifre','Пароль',2),
('04000001-000a-0001-0000-000000000006',28,24,'E-posta','Электронная почта',3),
('04000001-000a-0001-0000-000000000007',28,24,'Şarj etmek','Зарядить',2),
('04000001-000a-0001-0000-000000000008',28,24,'Ekran','Экран',2);

-- Word-Level Assignments for RU Levels 6–10
INSERT INTO word_level_assignments (level_id, word_id, display_order) VALUES
('04000001-0000-0000-0001-000000000006','04000001-0006-0001-0000-000000000001',1),
('04000001-0000-0000-0001-000000000006','04000001-0006-0001-0000-000000000002',2),
('04000001-0000-0000-0001-000000000006','04000001-0006-0001-0000-000000000003',3),
('04000001-0000-0000-0001-000000000006','04000001-0006-0001-0000-000000000004',4),
('04000001-0000-0000-0001-000000000006','04000001-0006-0001-0000-000000000005',5),
('04000001-0000-0000-0001-000000000006','04000001-0006-0001-0000-000000000006',6),
('04000001-0000-0000-0001-000000000006','04000001-0006-0001-0000-000000000007',7),
('04000001-0000-0000-0001-000000000006','04000001-0006-0001-0000-000000000008',8),
('04000001-0000-0000-0001-000000000007','04000001-0007-0001-0000-000000000001',1),
('04000001-0000-0000-0001-000000000007','04000001-0007-0001-0000-000000000002',2),
('04000001-0000-0000-0001-000000000007','04000001-0007-0001-0000-000000000003',3),
('04000001-0000-0000-0001-000000000007','04000001-0007-0001-0000-000000000004',4),
('04000001-0000-0000-0001-000000000007','04000001-0007-0001-0000-000000000005',5),
('04000001-0000-0000-0001-000000000007','04000001-0007-0001-0000-000000000006',6),
('04000001-0000-0000-0001-000000000007','04000001-0007-0001-0000-000000000007',7),
('04000001-0000-0000-0001-000000000007','04000001-0007-0001-0000-000000000008',8),
('04000001-0000-0000-0001-000000000008','04000001-0008-0001-0000-000000000001',1),
('04000001-0000-0000-0001-000000000008','04000001-0008-0001-0000-000000000002',2),
('04000001-0000-0000-0001-000000000008','04000001-0008-0001-0000-000000000003',3),
('04000001-0000-0000-0001-000000000008','04000001-0008-0001-0000-000000000004',4),
('04000001-0000-0000-0001-000000000008','04000001-0008-0001-0000-000000000005',5),
('04000001-0000-0000-0001-000000000008','04000001-0008-0001-0000-000000000006',6),
('04000001-0000-0000-0001-000000000008','04000001-0008-0001-0000-000000000007',7),
('04000001-0000-0000-0001-000000000008','04000001-0008-0001-0000-000000000008',8),
('04000001-0000-0000-0001-000000000009','04000001-0009-0001-0000-000000000001',1),
('04000001-0000-0000-0001-000000000009','04000001-0009-0001-0000-000000000002',2),
('04000001-0000-0000-0001-000000000009','04000001-0009-0001-0000-000000000003',3),
('04000001-0000-0000-0001-000000000009','04000001-0009-0001-0000-000000000004',4),
('04000001-0000-0000-0001-000000000009','04000001-0009-0001-0000-000000000005',5),
('04000001-0000-0000-0001-000000000009','04000001-0009-0001-0000-000000000006',6),
('04000001-0000-0000-0001-000000000009','04000001-0009-0001-0000-000000000007',7),
('04000001-0000-0000-0001-000000000009','04000001-0009-0001-0000-000000000008',8),
('04000001-0000-0000-0001-00000000000a','04000001-000a-0001-0000-000000000001',1),
('04000001-0000-0000-0001-00000000000a','04000001-000a-0001-0000-000000000002',2),
('04000001-0000-0000-0001-00000000000a','04000001-000a-0001-0000-000000000003',3),
('04000001-0000-0000-0001-00000000000a','04000001-000a-0001-0000-000000000004',4),
('04000001-0000-0000-0001-00000000000a','04000001-000a-0001-0000-000000000005',5),
('04000001-0000-0000-0001-00000000000a','04000001-000a-0001-0000-000000000006',6),
('04000001-0000-0000-0001-00000000000a','04000001-000a-0001-0000-000000000007',7),
('04000001-0000-0000-0001-00000000000a','04000001-000a-0001-0000-000000000008',8);


-- ============================================================
-- CHINESE (ZH) — course: 24000001-0000-0000-0000-000000000001
-- target_lang_id: 30, source_lang_id: 28 (TR)
-- ============================================================

INSERT INTO levels (id, course_id, order_index, title, description, xp_reward, required_score, icon_name, is_checkpoint) VALUES
('24000001-0000-0000-0001-000000000006','24000001-0000-0000-0000-000000000001',6,'Hayvanlar','Yaygın hayvanlar',70,65,'pawprint.fill',false),
('24000001-0000-0000-0001-000000000007','24000001-0000-0000-0000-000000000001',7,'Seyahat','Seyahat kelimeleri',80,70,'airplane',true),
('24000001-0000-0000-0001-000000000008','24000001-0000-0000-0000-000000000001',8,'Alışveriş','Alışveriş ifadeleri',80,70,'bag.fill',false),
('24000001-0000-0000-0001-000000000009','24000001-0000-0000-0000-000000000001',9,'Sağlık','Sağlık ve hastane',90,75,'cross.fill',false),
('24000001-0000-0000-0001-00000000000a','24000001-0000-0000-0000-000000000001',10,'Teknoloji','Dijital dünya',100,75,'laptopcomputer',true);

-- Words for ZH Level 6 (Hayvanlar)
INSERT INTO words (id, source_lang_id, target_lang_id, term, translation, phonetic, difficulty) VALUES
('24000001-0006-0001-0000-000000000001',28,30,'Köpek','狗','gǒu',2),
('24000001-0006-0001-0000-000000000002',28,30,'Kedi','猫','māo',2),
('24000001-0006-0001-0000-000000000003',28,30,'Kuş','鸟','niǎo',2),
('24000001-0006-0001-0000-000000000004',28,30,'Balık','鱼','yú',2),
('24000001-0006-0001-0000-000000000005',28,30,'At','马','mǎ',2),
('24000001-0006-0001-0000-000000000006',28,30,'Ayı','熊','xióng',2),
('24000001-0006-0001-0000-000000000007',28,30,'Aslan','狮子','shīzi',2),
('24000001-0006-0001-0000-000000000008',28,30,'Hayvan','动物','dòngwù',1);

-- Words for ZH Level 7 (Seyahat)
INSERT INTO words (id, source_lang_id, target_lang_id, term, translation, phonetic, difficulty) VALUES
('24000001-0007-0001-0000-000000000001',28,30,'Havalimanı','机场','jīchǎng',2),
('24000001-0007-0001-0000-000000000002',28,30,'Otel','酒店','jiǔdiàn',2),
('24000001-0007-0001-0000-000000000003',28,30,'Tren','火车','huǒchē',2),
('24000001-0007-0001-0000-000000000004',28,30,'Otobüs','公共汽车','gōnggòng qìchē',2),
('24000001-0007-0001-0000-000000000005',28,30,'Pasaport','护照','hùzhào',2),
('24000001-0007-0001-0000-000000000006',28,30,'Bilet','票','piào',1),
('24000001-0007-0001-0000-000000000007',28,30,'Harita','地图','dìtú',2),
('24000001-0007-0001-0000-000000000008',28,30,'Bavul','行李箱','xínglǐ xiāng',2);

-- Words for ZH Level 8 (Alışveriş)
INSERT INTO words (id, source_lang_id, target_lang_id, term, translation, phonetic, difficulty) VALUES
('24000001-0008-0001-0000-000000000001',28,30,'Satın almak','买','mǎi',1),
('24000001-0008-0001-0000-000000000002',28,30,'Satmak','卖','mài',1),
('24000001-0008-0001-0000-000000000003',28,30,'Fiyat','价格','jiàgé',2),
('24000001-0008-0001-0000-000000000004',28,30,'Pazar','市场','shìchǎng',2),
('24000001-0008-0001-0000-000000000005',28,30,'Mağaza','商店','shāngdiàn',2),
('24000001-0008-0001-0000-000000000006',28,30,'Pahalı','贵','guì',2),
('24000001-0008-0001-0000-000000000007',28,30,'Ucuz','便宜','piányí',2),
('24000001-0008-0001-0000-000000000008',28,30,'Para','钱','qián',1);

-- Words for ZH Level 9 (Sağlık)
INSERT INTO words (id, source_lang_id, target_lang_id, term, translation, phonetic, difficulty) VALUES
('24000001-0009-0001-0000-000000000001',28,30,'Doktor','医生','yīshēng',2),
('24000001-0009-0001-0000-000000000002',28,30,'Hastane','医院','yīyuàn',2),
('24000001-0009-0001-0000-000000000003',28,30,'İlaç','药','yào',2),
('24000001-0009-0001-0000-000000000004',28,30,'Hasta','生病','shēngbìng',2),
('24000001-0009-0001-0000-000000000005',28,30,'Sağlıklı','健康','jiànkāng',2),
('24000001-0009-0001-0000-000000000006',28,30,'Baş ağrısı','头痛','tóutòng',3),
('24000001-0009-0001-0000-000000000007',28,30,'Ateş','发烧','fāshāo',2),
('24000001-0009-0001-0000-000000000008',28,30,'Eczane','药店','yàodiàn',2);

-- Words for ZH Level 10 (Teknoloji)
INSERT INTO words (id, source_lang_id, target_lang_id, term, translation, phonetic, difficulty) VALUES
('24000001-000a-0001-0000-000000000001',28,30,'Telefon','手机','shǒujī',1),
('24000001-000a-0001-0000-000000000002',28,30,'Bilgisayar','电脑','diànnǎo',1),
('24000001-000a-0001-0000-000000000003',28,30,'İnternet','互联网','hùliánwǎng',2),
('24000001-000a-0001-0000-000000000004',28,30,'Uygulama','应用','yìngyòng',2),
('24000001-000a-0001-0000-000000000005',28,30,'Şifre','密码','mìmǎ',2),
('24000001-000a-0001-0000-000000000006',28,30,'E-posta','电子邮件','diànzǐ yóujiàn',3),
('24000001-000a-0001-0000-000000000007',28,30,'Şarj etmek','充电','chōngdiàn',2),
('24000001-000a-0001-0000-000000000008',28,30,'Ekran','屏幕','píngmù',2);

-- Word-Level Assignments for ZH Levels 6–10
INSERT INTO word_level_assignments (level_id, word_id, display_order) VALUES
('24000001-0000-0000-0001-000000000006','24000001-0006-0001-0000-000000000001',1),
('24000001-0000-0000-0001-000000000006','24000001-0006-0001-0000-000000000002',2),
('24000001-0000-0000-0001-000000000006','24000001-0006-0001-0000-000000000003',3),
('24000001-0000-0000-0001-000000000006','24000001-0006-0001-0000-000000000004',4),
('24000001-0000-0000-0001-000000000006','24000001-0006-0001-0000-000000000005',5),
('24000001-0000-0000-0001-000000000006','24000001-0006-0001-0000-000000000006',6),
('24000001-0000-0000-0001-000000000006','24000001-0006-0001-0000-000000000007',7),
('24000001-0000-0000-0001-000000000006','24000001-0006-0001-0000-000000000008',8),
('24000001-0000-0000-0001-000000000007','24000001-0007-0001-0000-000000000001',1),
('24000001-0000-0000-0001-000000000007','24000001-0007-0001-0000-000000000002',2),
('24000001-0000-0000-0001-000000000007','24000001-0007-0001-0000-000000000003',3),
('24000001-0000-0000-0001-000000000007','24000001-0007-0001-0000-000000000004',4),
('24000001-0000-0000-0001-000000000007','24000001-0007-0001-0000-000000000005',5),
('24000001-0000-0000-0001-000000000007','24000001-0007-0001-0000-000000000006',6),
('24000001-0000-0000-0001-000000000007','24000001-0007-0001-0000-000000000007',7),
('24000001-0000-0000-0001-000000000007','24000001-0007-0001-0000-000000000008',8),
('24000001-0000-0000-0001-000000000008','24000001-0008-0001-0000-000000000001',1),
('24000001-0000-0000-0001-000000000008','24000001-0008-0001-0000-000000000002',2),
('24000001-0000-0000-0001-000000000008','24000001-0008-0001-0000-000000000003',3),
('24000001-0000-0000-0001-000000000008','24000001-0008-0001-0000-000000000004',4),
('24000001-0000-0000-0001-000000000008','24000001-0008-0001-0000-000000000005',5),
('24000001-0000-0000-0001-000000000008','24000001-0008-0001-0000-000000000006',6),
('24000001-0000-0000-0001-000000000008','24000001-0008-0001-0000-000000000007',7),
('24000001-0000-0000-0001-000000000008','24000001-0008-0001-0000-000000000008',8),
('24000001-0000-0000-0001-000000000009','24000001-0009-0001-0000-000000000001',1),
('24000001-0000-0000-0001-000000000009','24000001-0009-0001-0000-000000000002',2),
('24000001-0000-0000-0001-000000000009','24000001-0009-0001-0000-000000000003',3),
('24000001-0000-0000-0001-000000000009','24000001-0009-0001-0000-000000000004',4),
('24000001-0000-0000-0001-000000000009','24000001-0009-0001-0000-000000000005',5),
('24000001-0000-0000-0001-000000000009','24000001-0009-0001-0000-000000000006',6),
('24000001-0000-0000-0001-000000000009','24000001-0009-0001-0000-000000000007',7),
('24000001-0000-0000-0001-000000000009','24000001-0009-0001-0000-000000000008',8),
('24000001-0000-0000-0001-00000000000a','24000001-000a-0001-0000-000000000001',1),
('24000001-0000-0000-0001-00000000000a','24000001-000a-0001-0000-000000000002',2),
('24000001-0000-0000-0001-00000000000a','24000001-000a-0001-0000-000000000003',3),
('24000001-0000-0000-0001-00000000000a','24000001-000a-0001-0000-000000000004',4),
('24000001-0000-0000-0001-00000000000a','24000001-000a-0001-0000-000000000005',5),
('24000001-0000-0000-0001-00000000000a','24000001-000a-0001-0000-000000000006',6),
('24000001-0000-0000-0001-00000000000a','24000001-000a-0001-0000-000000000007',7),
('24000001-0000-0000-0001-00000000000a','24000001-000a-0001-0000-000000000008',8);
